talkativeness,agreeableness,knowledge_sharing,mimicry,critical_thinking,equal,loop,timeout
0.1,0.1,0.1,0.1,0.1,0,50,0
0.1,0.1,0.1,0.1,0.5,0,50,0
0.1,0.1,0.1,0.1,0.9,0,50,0
0.1,0.1,0.1,0.5,0.1,0,50,0
0.1,0.1,0.1,0.5,0.5,0,50,0
0.1,0.1,0.1,0.5,0.9,0,50,0
0.1,0.1,0.1,0.9,0.1,0,50,0
0.1,0.1,0.1,0.9,0.5,0,50,0
0.1,0.1,0.1,0.9,0.9,0,50,0
0.1,0.1,0.5,0.1,0.1,0,35,15
0.1,0.1,0.5,0.1,0.5,0,36,14
0.1,0.1,0.5,0.1,0.9,0,50,0
0.1,0.1,0.5,0.5,0.1,0,32,18
0.1,0.1,0.5,0.5,0.5,0,35,15
0.1,0.1,0.5,0.5,0.9,0,50,0
0.1,0.1,0.5,0.9,0.1,0,33,17
0.1,0.1,0.5,0.9,0.5,0,41,9
0.1,0.1,0.5,0.9,0.9,0,50,0
0.1,0.1,0.9,0.1,0.1,0,37,13
0.1,0.1,0.9,0.1,0.5,0,47,3
0.1,0.1,0.9,0.1,0.9,0,50,0
0.1,0.1,0.9,0.5,0.1,0,37,13
0.1,0.1,0.9,0.5,0.5,0,45,5
0.1,0.1,0.9,0.5,0.9,0,50,0
0.1,0.1,0.9,0.9,0.1,0,34,16
0.1,0.1,0.9,0.9,0.5,0,46,4
0.1,0.1,0.9,0.9,0.9,0,50,0
0.1,0.5,0.1,0.1,0.1,0,49,1
0.1,0.5,0.1,0.1,0.5,0,49,1
0.1,0.5,0.1,0.1,0.9,0,50,0
0.1,0.5,0.1,0.5,0.1,0,49,1
0.1,0.5,0.1,0.5,0.5,0,50,0
0.1,0.5,0.1,0.5,0.9,0,50,0
0.1,0.5,0.1,0.9,0.1,0,47,3
0.1,0.5,0.1,0.9,0.5,0,50,0
0.1,0.5,0.1,0.9,0.9,0,50,0
0.1,0.5,0.5,0.1,0.1,24,23,3
0.1,0.5,0.5,0.1,0.5,32,18,0
0.1,0.5,0.5,0.1,0.9,28,22,0
0.1,0.5,0.5,0.5,0.1,0,19,31
0.1,0.5,0.5,0.5,0.5,4,44,2
0.1,0.5,0.5,0.5,0.9,2,48,0
0.1,0.5,0.5,0.9,0.1,0,19,31
0.1,0.5,0.5,0.9,0.5,0,49,1
0.1,0.5,0.5,0.9,0.9,0,50,0
0.1,0.5,0.9,0.1,0.1,28,22,0
0.1,0.5,0.9,0.1,0.5,32,18,0
0.1,0.5,0.9,0.1,0.9,32,18,0
0.1,0.5,0.9,0.5,0.1,13,33,4
0.1,0.5,0.9,0.5,0.5,27,23,0
0.1,0.5,0.9,0.5,0.9,34,16,0
0.1,0.5,0.9,0.9,0.1,0,42,8
0.1,0.5,0.9,0.9,0.5,0,50,0
0.1,0.5,0.9,0.9,0.9,8,42,0
0.1,0.9,0.1,0.1,0.1,0,44,6
0.1,0.9,0.1,0.1,0.5,0,49,1
0.1,0.9,0.1,0.1,0.9,2,48,0
0.1,0.9,0.1,0.5,0.1,0,48,2
0.1,0.9,0.1,0.5,0.5,0,50,0
0.1,0.9,0.1,0.5,0.9,0,50,0
0.1,0.9,0.1,0.9,0.1,0,42,8
0.1,0.9,0.1,0.9,0.5,0,50,0
0.1,0.9,0.1,0.9,0.9,0,50,0
0.1,0.9,0.5,0.1,0.1,44,6,0
0.1,0.9,0.5,0.1,0.5,44,6,0
0.1,0.9,0.5,0.1,0.9,47,3,0
0.1,0.9,0.5,0.5,0.1,5,33,12
0.1,0.9,0.5,0.5,0.5,10,40,0
0.1,0.9,0.5,0.5,0.9,12,38,0
0.1,0.9,0.5,0.9,0.1,0,40,10
0.1,0.9,0.5,0.9,0.5,0,50,0
0.1,0.9,0.5,0.9,0.9,0,50,0
0.1,0.9,0.9,0.1,0.1,45,5,0
0.1,0.9,0.9,0.1,0.5,45,5,0
0.1,0.9,0.9,0.1,0.9,49,1,0
0.1,0.9,0.9,0.5,0.1,39,11,0
0.1,0.9,0.9,0.5,0.5,45,5,0
0.1,0.9,0.9,0.5,0.9,49,1,0
0.1,0.9,0.9,0.9,0.1,1,49,0
0.1,0.9,0.9,0.9,0.5,1,49,0
0.1,0.9,0.9,0.9,0.9,14,36,0
0.5,0.1,0.1,0.1,0.1,0,33,17
0.5,0.1,0.1,0.1,0.5,0,48,2
0.5,0.1,0.1,0.1,0.9,0,50,0
0.5,0.1,0.1,0.5,0.1,0,43,7
0.5,0.1,0.1,0.5,0.5,0,47,3
0.5,0.1,0.1,0.5,0.9,0,50,0
0.5,0.1,0.1,0.9,0.1,0,43,7
0.5,0.1,0.1,0.9,0.5,0,45,5
0.5,0.1,0.1,0.9,0.9,0,50,0
0.5,0.1,0.5,0.1,0.1,26,12,12
0.5,0.1,0.5,0.1,0.5,21,29,0
0.5,0.1,0.5,0.1,0.9,25,25,0
0.5,0.1,0.5,0.5,0.1,0,0,50
0.5,0.1,0.5,0.5,0.5,2,47,1
0.5,0.1,0.5,0.5,0.9,8,42,0
0.5,0.1,0.5,0.9,0.1,0,0,50
0.5,0.1,0.5,0.9,0.5,0,48,2
0.5,0.1,0.5,0.9,0.9,0,50,0
0.5,0.1,0.9,0.1,0.1,41,9,0
0.5,0.1,0.9,0.1,0.5,29,21,0
0.5,0.1,0.9,0.1,0.9,31,19,0
0.5,0.1,0.9,0.5,0.1,5,4,41
0.5,0.1,0.9,0.5,0.5,27,23,0
0.5,0.1,0.9,0.5,0.9,28,22,0
0.5,0.1,0.9,0.9,0.1,0,8,42
0.5,0.1,0.9,0.9,0.5,0,50,0
0.5,0.1,0.9,0.9,0.9,3,47,0
0.5,0.5,0.1,0.1,0.1,0,33,17
0.5,0.5,0.1,0.1,0.5,0,50,0
0.5,0.5,0.1,0.1,0.9,4,46,0
0.5,0.5,0.1,0.5,0.1,0,37,13
0.5,0.5,0.1,0.5,0.5,0,50,0
0.5,0.5,0.1,0.5,0.9,0,50,0
0.5,0.5,0.1,0.9,0.1,0,39,11
0.5,0.5,0.1,0.9,0.5,0,50,0
0.5,0.5,0.1,0.9,0.9,0,50,0
0.5,0.5,0.5,0.1,0.1,50,0,0
0.5,0.5,0.5,0.1,0.5,50,0,0
0.5,0.5,0.5,0.1,0.9,50,0,0
0.5,0.5,0.5,0.5,0.1,19,27,4
0.5,0.5,0.5,0.5,0.5,15,35,0
0.5,0.5,0.5,0.5,0.9,6,44,0
0.5,0.5,0.5,0.9,0.1,0,45,5
0.5,0.5,0.5,0.9,0.5,0,50,0
0.5,0.5,0.5,0.9,0.9,0,50,0
0.5,0.5,0.9,0.1,0.1,50,0,0
0.5,0.5,0.9,0.1,0.5,50,0,0
0.5,0.5,0.9,0.1,0.9,50,0,0
0.5,0.5,0.9,0.5,0.1,50,0,0
0.5,0.5,0.9,0.5,0.5,50,0,0
0.5,0.5,0.9,0.5,0.9,50,0,0
0.5,0.5,0.9,0.9,0.1,10,40,0
0.5,0.5,0.9,0.9,0.5,14,36,0
0.5,0.5,0.9,0.9,0.9,34,16,0
0.5,0.9,0.1,0.1,0.1,1,46,3
0.5,0.9,0.1,0.1,0.5,0,50,0
0.5,0.9,0.1,0.1,0.9,4,46,0
0.5,0.9,0.1,0.5,0.1,0,44,6
0.5,0.9,0.1,0.5,0.5,0,50,0
0.5,0.9,0.1,0.5,0.9,0,50,0
0.5,0.9,0.1,0.9,0.1,0,48,2
0.5,0.9,0.1,0.9,0.5,0,50,0
0.5,0.9,0.1,0.9,0.9,0,50,0
0.5,0.9,0.5,0.1,0.1,50,0,0
0.5,0.9,0.5,0.1,0.5,50,0,0
0.5,0.9,0.5,0.1,0.9,50,0,0
0.5,0.9,0.5,0.5,0.1,19,31,0
0.5,0.9,0.5,0.5,0.5,14,36,0
0.5,0.9,0.5,0.5,0.9,9,41,0
0.5,0.9,0.5,0.9,0.1,0,50,0
0.5,0.9,0.5,0.9,0.5,0,50,0
0.5,0.9,0.5,0.9,0.9,0,50,0
0.5,0.9,0.9,0.1,0.1,50,0,0
0.5,0.9,0.9,0.1,0.5,50,0,0
0.5,0.9,0.9,0.1,0.9,50,0,0
0.5,0.9,0.9,0.5,0.1,50,0,0
0.5,0.9,0.9,0.5,0.5,49,1,0
0.5,0.9,0.9,0.5,0.9,50,0,0
0.5,0.9,0.9,0.9,0.1,14,36,0
0.5,0.9,0.9,0.9,0.5,13,37,0
0.5,0.9,0.9,0.9,0.9,38,12,0
0.9,0.1,0.1,0.1,0.1,0,33,17
0.9,0.1,0.1,0.1,0.5,0,46,4
0.9,0.1,0.1,0.1,0.9,1,49,0
0.9,0.1,0.1,0.5,0.1,0,30,20
0.9,0.1,0.1,0.5,0.5,0,46,4
0.9,0.1,0.1,0.5,0.9,0,50,0
0.9,0.1,0.1,0.9,0.1,0,30,20
0.9,0.1,0.1,0.9,0.5,0,46,4
0.9,0.1,0.1,0.9,0.9,0,50,0
0.9,0.1,0.5,0.1,0.1,45,5,0
0.9,0.1,0.5,0.1,0.5,37,13,0
0.9,0.1,0.5,0.1,0.9,41,9,0
0.9,0.1,0.5,0.5,0.1,1,2,47
0.9,0.1,0.5,0.5,0.5,11,39,0
0.9,0.1,0.5,0.5,0.9,10,40,0
0.9,0.1,0.5,0.9,0.1,0,0,50
0.9,0.1,0.5,0.9,0.5,0,50,0
0.9,0.1,0.5,0.9,0.9,0,50,0
0.9,0.1,0.9,0.1,0.1,45,5,0
0.9,0.1,0.9,0.1,0.5,38,12,0
0.9,0.1,0.9,0.1,0.9,42,8,0
0.9,0.1,0.9,0.5,0.1,40,4,6
0.9,0.1,0.9,0.5,0.5,49,1,0
0.9,0.1,0.9,0.5,0.9,49,1,0
0.9,0.1,0.9,0.9,0.1,1,26,23
0.9,0.1,0.9,0.9,0.5,5,45,0
0.9,0.1,0.9,0.9,0.9,20,30,0
0.9,0.5,0.1,0.1,0.1,0,45,5
0.9,0.5,0.1,0.1,0.5,0,50,0
0.9,0.5,0.1,0.1,0.9,5,45,0
0.9,0.5,0.1,0.5,0.1,0,46,4
0.9,0.5,0.1,0.5,0.5,0,50,0
0.9,0.5,0.1,0.5,0.9,0,50,0
0.9,0.5,0.1,0.9,0.1,0,49,1
0.9,0.5,0.1,0.9,0.5,0,50,0
0.9,0.5,0.1,0.9,0.9,0,50,0
0.9,0.5,0.5,0.1,0.1,50,0,0
0.9,0.5,0.5,0.1,0.5,50,0,0
0.9,0.5,0.5,0.1,0.9,50,0,0
0.9,0.5,0.5,0.5,0.1,22,28,0
0.9,0.5,0.5,0.5,0.5,17,33,0
0.9,0.5,0.5,0.5,0.9,11,39,0
0.9,0.5,0.5,0.9,0.1,0,50,0
0.9,0.5,0.5,0.9,0.5,0,50,0
0.9,0.5,0.5,0.9,0.9,0,50,0
0.9,0.5,0.9,0.1,0.1,50,0,0
0.9,0.5,0.9,0.1,0.5,50,0,0
0.9,0.5,0.9,0.1,0.9,50,0,0
0.9,0.5,0.9,0.5,0.1,50,0,0
0.9,0.5,0.9,0.5,0.5,50,0,0
0.9,0.5,0.9,0.5,0.9,50,0,0
0.9,0.5,0.9,0.9,0.1,10,40,0
0.9,0.5,0.9,0.9,0.5,21,29,0
0.9,0.5,0.9,0.9,0.9,46,4,0
0.9,0.9,0.1,0.1,0.1,0,50,0
0.9,0.9,0.1,0.1,0.5,0,50,0
0.9,0.9,0.1,0.1,0.9,9,41,0
0.9,0.9,0.1,0.5,0.1,0,50,0
0.9,0.9,0.1,0.5,0.5,0,50,0
0.9,0.9,0.1,0.5,0.9,0,50,0
0.9,0.9,0.1,0.9,0.1,0,49,1
0.9,0.9,0.1,0.9,0.5,0,50,0
0.9,0.9,0.1,0.9,0.9,0,50,0
0.9,0.9,0.5,0.1,0.1,50,0,0
0.9,0.9,0.5,0.1,0.5,50,0,0
0.9,0.9,0.5,0.1,0.9,49,1,0
0.9,0.9,0.5,0.5,0.1,24,26,0
0.9,0.9,0.5,0.5,0.5,17,33,0
0.9,0.9,0.5,0.5,0.9,6,44,0
0.9,0.9,0.5,0.9,0.1,0,50,0
0.9,0.9,0.5,0.9,0.5,0,50,0
0.9,0.9,0.5,0.9,0.9,0,50,0
0.9,0.9,0.9,0.1,0.1,50,0,0
0.9,0.9,0.9,0.1,0.5,50,0,0
0.9,0.9,0.9,0.1,0.9,50,0,0
0.9,0.9,0.9,0.5,0.1,50,0,0
0.9,0.9,0.9,0.5,0.5,49,1,0
0.9,0.9,0.9,0.5,0.9,50,0,0
0.9,0.9,0.9,0.9,0.1,22,28,0
0.9,0.9,0.9,0.9,0.5,17,33,0
0.9,0.9,0.9,0.9,0.9,37,13,0
0.1,0.1,0.1,0.1,0.1,0,50,0
0.1,0.1,0.1,0.1,0.5,0,50,0
0.1,0.1,0.1,0.1,0.9,0,50,0
0.1,0.1,0.1,0.5,0.1,0,50,0
0.1,0.1,0.1,0.5,0.5,0,50,0
0.1,0.1,0.1,0.5,0.9,0,50,0
0.1,0.1,0.1,0.9,0.1,0,50,0
0.1,0.1,0.1,0.9,0.5,0,50,0
0.1,0.1,0.1,0.9,0.9,0,50,0
0.1,0.1,0.5,0.1,0.1,0,39,11
0.1,0.1,0.5,0.1,0.5,0,43,7
0.1,0.1,0.5,0.1,0.9,0,50,0
0.1,0.1,0.5,0.5,0.1,0,36,14
0.1,0.1,0.5,0.5,0.5,0,42,8
0.1,0.1,0.5,0.5,0.9,0,50,0
0.1,0.1,0.5,0.9,0.1,0,35,15
0.1,0.1,0.5,0.9,0.5,0,37,13
0.1,0.1,0.5,0.9,0.9,0,50,0
0.1,0.1,0.9,0.1,0.1,0,37,13
0.1,0.1,0.9,0.1,0.5,0,45,5
0.1,0.1,0.9,0.1,0.9,0,50,0
0.1,0.1,0.9,0.5,0.1,0,28,22
0.1,0.1,0.9,0.5,0.5,0,43,7
0.1,0.1,0.9,0.5,0.9,0,50,0
0.1,0.1,0.9,0.9,0.1,0,32,18
0.1,0.1,0.9,0.9,0.5,0,43,7
0.1,0.1,0.9,0.9,0.9,0,50,0
0.1,0.5,0.1,0.1,0.1,0,46,4
0.1,0.5,0.1,0.1,0.5,0,50,0
0.1,0.5,0.1,0.1,0.9,2,48,0
0.1,0.5,0.1,0.5,0.1,0,48,2
0.1,0.5,0.1,0.5,0.5,0,47,3
0.1,0.5,0.1,0.5,0.9,0,50,0
0.1,0.5,0.1,0.9,0.1,0,48,2
0.1,0.5,0.1,0.9,0.5,0,50,0
0.1,0.5,0.1,0.9,0.9,0,50,0
0.1,0.5,0.5,0.1,0.1,18,27,5
0.1,0.5,0.5,0.1,0.5,24,26,0
0.1,0.5,0.5,0.1,0.9,23,27,0
0.1,0.5,0.5,0.5,0.1,0,21,29
0.1,0.5,0.5,0.5,0.5,0,48,2
0.1,0.5,0.5,0.5,0.9,7,43,0
0.1,0.5,0.5,0.9,0.1,0,16,34
0.1,0.5,0.5,0.9,0.5,0,49,1
0.1,0.5,0.5,0.9,0.9,0,50,0
0.1,0.5,0.9,0.1,0.1,32,18,0
0.1,0.5,0.9,0.1,0.5,31,19,0
0.1,0.5,0.9,0.1,0.9,33,17,0
0.1,0.5,0.9,0.5,0.1,23,17,10
0.1,0.5,0.9,0.5,0.5,27,23,0
0.1,0.5,0.9,0.5,0.9,30,20,0
0.1,0.5,0.9,0.9,0.1,0,41,9
0.1,0.5,0.9,0.9,0.5,0,50,0
0.1,0.5,0.9,0.9,0.9,5,45,0
0.1,0.9,0.1,0.1,0.1,0,44,6
0.1,0.9,0.1,0.1,0.5,0,50,0
0.1,0.9,0.1,0.1,0.9,1,49,0
0.1,0.9,0.1,0.5,0.1,0,45,5
0.1,0.9,0.1,0.5,0.5,0,49,1
0.1,0.9,0.1,0.5,0.9,0,50,0
0.1,0.9,0.1,0.9,0.1,0,43,7
0.1,0.9,0.1,0.9,0.5,0,50,0
0.1,0.9,0.1,0.9,0.9,0,50,0
0.1,0.9,0.5,0.1,0.1,42,8,0
0.1,0.9,0.5,0.1,0.5,47,3,0
0.1,0.9,0.5,0.1,0.9,44,6,0
0.1,0.9,0.5,0.5,0.1,4,35,11
0.1,0.9,0.5,0.5,0.5,9,41,0
0.1,0.9,0.5,0.5,0.9,13,37,0
0.1,0.9,0.5,0.9,0.1,0,34,16
0.1,0.9,0.5,0.9,0.5,0,50,0
0.1,0.9,0.5,0.9,0.9,0,50,0
0.1,0.9,0.9,0.1,0.1,47,3,0
0.1,0.9,0.9,0.1,0.5,47,3,0
0.1,0.9,0.9,0.1,0.9,48,2,0
0.1,0.9,0.9,0.5,0.1,41,9,0
0.1,0.9,0.9,0.5,0.5,46,4,0
0.1,0.9,0.9,0.5,0.9,47,3,0
0.1,0.9,0.9,0.9,0.1,3,46,1
0.1,0.9,0.9,0.9,0.5,2,48,0
0.1,0.9,0.9,0.9,0.9,12,38,0
0.5,0.1,0.1,0.1,0.1,0,38,12
0.5,0.1,0.1,0.1,0.5,0,46,4
0.5,0.1,0.1,0.1,0.9,0,50,0
0.5,0.1,0.1,0.5,0.1,0,41,9
0.5,0.1,0.1,0.5,0.5,0,44,6
0.5,0.1,0.1,0.5,0.9,0,50,0
0.5,0.1,0.1,0.9,0.1,0,45,5
0.5,0.1,0.1,0.9,0.5,0,43,7
0.5,0.1,0.1,0.9,0.9,0,50,0
0.5,0.1,0.5,0.1,0.1,28,8,14
0.5,0.1,0.5,0.1,0.5,30,20,0
0.5,0.1,0.5,0.1,0.9,17,33,0
0.5,0.1,0.5,0.5,0.1,0,0,50
0.5,0.1,0.5,0.5,0.5,4,46,0
0.5,0.1,0.5,0.5,0.9,3,47,0
0.5,0.1,0.5,0.9,0.1,0,0,50
0.5,0.1,0.5,0.9,0.5,0,49,1
0.5,0.1,0.5,0.9,0.9,0,50,0
0.5,0.1,0.9,0.1,0.1,34,16,0
0.5,0.1,0.9,0.1,0.5,29,21,0
0.5,0.1,0.9,0.1,0.9,27,23,0
0.5,0.1,0.9,0.5,0.1,9,5,36
0.5,0.1,0.9,0.5,0.5,29,21,0
0.5,0.1,0.9,0.5,0.9,30,20,0
0.5,0.1,0.9,0.9,0.1,0,3,47
0.5,0.1,0.9,0.9,0.5,2,48,0
0.5,0.1,0.9,0.9,0.9,4,46,0
0.5,0.5,0.1,0.1,0.1,0,31,19
0.5,0.5,0.1,0.1,0.5,0,49,1
0.5,0.5,0.1,0.1,0.9,5,45,0
0.5,0.5,0.1,0.5,0.1,0,32,18
0.5,0.5,0.1,0.5,0.5,0,50,0
0.5,0.5,0.1,0.5,0.9,0,50,0
0.5,0.5,0.1,0.9,0.1,0,36,14
0.5,0.5,0.1,0.9,0.5,0,50,0
0.5,0.5,0.1,0.9,0.9,0,50,0
0.5,0.5,0.5,0.1,0.1,50,0,0
0.5,0.5,0.5,0.1,0.5,50,0,0
0.5,0.5,0.5,0.1,0.9,50,0,0
0.5,0.5,0.5,0.5,0.1,18,31,1
0.5,0.5,0.5,0.5,0.5,16,34,0
0.5,0.5,0.5,0.5,0.9,12,38,0
0.5,0.5,0.5,0.9,0.1,0,47,3
0.5,0.5,0.5,0.9,0.5,0,50,0
0.5,0.5,0.5,0.9,0.9,0,50,0
0.5,0.5,0.9,0.1,0.1,50,0,0
0.5,0.5,0.9,0.1,0.5,50,0,0
0.5,0.5,0.9,0.1,0.9,50,0,0
0.5,0.5,0.9,0.5,0.1,50,0,0
0.5,0.5,0.9,0.5,0.5,50,0,0
0.5,0.5,0.9,0.5,0.9,50,0,0
0.5,0.5,0.9,0.9,0.1,10,40,0
0.5,0.5,0.9,0.9,0.5,13,37,0
0.5,0.5,0.9,0.9,0.9,35,15,0
0.5,0.9,0.1,0.1,0.1,0,44,6
0.5,0.9,0.1,0.1,0.5,0,50,0
0.5,0.9,0.1,0.1,0.9,2,48,0
0.5,0.9,0.1,0.5,0.1,0,46,4
0.5,0.9,0.1,0.5,0.5,0,50,0
0.5,0.9,0.1,0.5,0.9,0,50,0
0.5,0.9,0.1,0.9,0.1,0,48,2
0.5,0.9,0.1,0.9,0.5,0,50,0
0.5,0.9,0.1,0.9,0.9,0,50,0
0.5,0.9,0.5,0.1,0.1,50,0,0
0.5,0.9,0.5,0.1,0.5,50,0,0
0.5,0.9,0.5,0.1,0.9,50,0,0
0.5,0.9,0.5,0.5,0.1,27,23,0
0.5,0.9,0.5,0.5,0.5,19,31,0
0.5,0.9,0.5,0.5,0.9,10,40,0
0.5,0.9,0.5,0.9,0.1,0,50,0
0.5,0.9,0.5,0.9,0.5,0,50,0
0.5,0.9,0.5,0.9,0.9,0,50,0
0.5,0.9,0.9,0.1,0.1,50,0,0
0.5,0.9,0.9,0.1,0.5,50,0,0
0.5,0.9,0.9,0.1,0.9,50,0,0
0.5,0.9,0.9,0.5,0.1,50,0,0
0.5,0.9,0.9,0.5,0.5,50,0,0
0.5,0.9,0.9,0.5,0.9,50,0,0
0.5,0.9,0.9,0.9,0.1,10,40,0
0.5,0.9,0.9,0.9,0.5,11,39,0
0.5,0.9,0.9,0.9,0.9,39,11,0
0.9,0.1,0.1,0.1,0.1,0,35,15
0.9,0.1,0.1,0.1,0.5,1,47,2
0.9,0.1,0.1,0.1,0.9,2,48,0
0.9,0.1,0.1,0.5,0.1,0,32,18
0.9,0.1,0.1,0.5,0.5,0,46,4
0.9,0.1,0.1,0.5,0.9,0,50,0
0.9,0.1,0.1,0.9,0.1,0,32,18
0.9,0.1,0.1,0.9,0.5,0,48,2
0.9,0.1,0.1,0.9,0.9,0,50,0
0.9,0.1,0.5,0.1,0.1,44,6,0
0.9,0.1,0.5,0.1,0.5,41,9,0
0.9,0.1,0.5,0.1,0.9,34,16,0
0.9,0.1,0.5,0.5,0.1,1,5,44
0.9,0.1,0.5,0.5,0.5,11,38,1
0.9,0.1,0.5,0.5,0.9,12,38,0
0.9,0.1,0.5,0.9,0.1,0,1,49
0.9,0.1,0.5,0.9,0.5,0,49,1
0.9,0.1,0.5,0.9,0.9,0,50,0
0.9,0.1,0.9,0.1,0.1,47,3,0
0.9,0.1,0.9,0.1,0.5,41,9,0
0.9,0.1,0.9,0.1,0.9,45,5,0
0.9,0.1,0.9,0.5,0.1,44,3,3
0.9,0.1,0.9,0.5,0.5,48,2,0
0.9,0.1,0.9,0.5,0.9,44,6,0
0.9,0.1,0.9,0.9,0.1,0,14,36
0.9,0.1,0.9,0.9,0.5,4,46,0
0.9,0.1,0.9,0.9,0.9,17,33,0
0.9,0.5,0.1,0.1,0.1,0,46,4
0.9,0.5,0.1,0.1,0.5,0,50,0
0.9,0.5,0.1,0.1,0.9,7,43,0
0.9,0.5,0.1,0.5,0.1,0,48,2
0.9,0.5,0.1,0.5,0.5,0,50,0
0.9,0.5,0.1,0.5,0.9,0,50,0
0.9,0.5,0.1,0.9,0.1,0,49,1
0.9,0.5,0.1,0.9,0.5,0,50,0
0.9,0.5,0.1,0.9,0.9,0,50,0
0.9,0.5,0.5,0.1,0.1,50,0,0
0.9,0.5,0.5,0.1,0.5,50,0,0
0.9,0.5,0.5,0.1,0.9,50,0,0
0.9,0.5,0.5,0.5,0.1,25,25,0
0.9,0.5,0.5,0.5,0.5,23,27,0
0.9,0.5,0.5,0.5,0.9,9,41,0
0.9,0.5,0.5,0.9,0.1,0,49,1
0.9,0.5,0.5,0.9,0.5,0,50,0
0.9,0.5,0.5,0.9,0.9,0,50,0
0.9,0.5,0.9,0.1,0.1,50,0,0
0.9,0.5,0.9,0.1,0.5,50,0,0
0.9,0.5,0.9,0.1,0.9,50,0,0
0.9,0.5,0.9,0.5,0.1,50,0,0
0.9,0.5,0.9,0.5,0.5,49,1,0
0.9,0.5,0.9,0.5,0.9,50,0,0
0.9,0.5,0.9,0.9,0.1,12,38,0
0.9,0.5,0.9,0.9,0.5,18,32,0
0.9,0.5,0.9,0.9,0.9,42,8,0
0.9,0.9,0.1,0.1,0.1,0,50,0
0.9,0.9,0.1,0.1,0.5,0,50,0
0.9,0.9,0.1,0.1,0.9,8,42,0
0.9,0.9,0.1,0.5,0.1,0,50,0
0.9,0.9,0.1,0.5,0.5,0,50,0
0.9,0.9,0.1,0.5,0.9,0,50,0
0.9,0.9,0.1,0.9,0.1,0,50,0
0.9,0.9,0.1,0.9,0.5,0,50,0
0.9,0.9,0.1,0.9,0.9,0,50,0
0.9,0.9,0.5,0.1,0.1,50,0,0
0.9,0.9,0.5,0.1,0.5,50,0,0
0.9,0.9,0.5,0.1,0.9,50,0,0
0.9,0.9,0.5,0.5,0.1,17,33,0
0.9,0.9,0.5,0.5,0.5,18,32,0
0.9,0.9,0.5,0.5,0.9,9,41,0
0.9,0.9,0.5,0.9,0.1,0,50,0
0.9,0.9,0.5,0.9,0.5,0,50,0
0.9,0.9,0.5,0.9,0.9,0,50,0
0.9,0.9,0.9,0.1,0.1,50,0,0
0.9,0.9,0.9,0.1,0.5,50,0,0
0.9,0.9,0.9,0.1,0.9,50,0,0
0.9,0.9,0.9,0.5,0.1,50,0,0
0.9,0.9,0.9,0.5,0.5,50,0,0
0.9,0.9,0.9,0.5,0.9,50,0,0
0.9,0.9,0.9,0.9,0.1,11,39,0
0.9,0.9,0.9,0.9,0.5,10,40,0
0.9,0.9,0.9,0.9,0.9,37,13,0
0.1,0.1,0.1,0.1,0.1,0,50,0
0.1,0.1,0.1,0.1,0.5,0,50,0
0.1,0.1,0.1,0.1,0.9,0,50,0
0.1,0.1,0.1,0.5,0.1,0,50,0
0.1,0.1,0.1,0.5,0.5,0,50,0
0.1,0.1,0.1,0.5,0.9,0,50,0
0.1,0.1,0.1,0.9,0.1,0,50,0
0.1,0.1,0.1,0.9,0.5,0,50,0
0.1,0.1,0.1,0.9,0.9,0,50,0
0.1,0.1,0.5,0.1,0.1,0,40,10
0.1,0.1,0.5,0.1,0.5,0,40,10
0.1,0.1,0.5,0.1,0.9,0,50,0
0.1,0.1,0.5,0.5,0.1,0,38,12
0.1,0.1,0.5,0.5,0.5,0,41,9
0.1,0.1,0.5,0.5,0.9,0,50,0
0.1,0.1,0.5,0.9,0.1,0,34,16
0.1,0.1,0.5,0.9,0.5,0,38,12
0.1,0.1,0.5,0.9,0.9,0,50,0
0.1,0.1,0.9,0.1,0.1,0,34,16
0.1,0.1,0.9,0.1,0.5,0,46,4
0.1,0.1,0.9,0.1,0.9,0,50,0
0.1,0.1,0.9,0.5,0.1,0,33,17
0.1,0.1,0.9,0.5,0.5,0,40,10
0.1,0.1,0.9,0.5,0.9,1,49,0
0.1,0.1,0.9,0.9,0.1,0,30,20
0.1,0.1,0.9,0.9,0.5,0,41,9
0.1,0.1,0.9,0.9,0.9,0,50,0
0.1,0.5,0.1,0.1,0.1,0,45,5
0.1,0.5,0.1,0.1,0.5,0,49,1
0.1,0.5,0.1,0.1,0.9,0,50,0
0.1,0.5,0.1,0.5,0.1,0,44,6
0.1,0.5,0.1,0.5,0.5,0,50,0
0.1,0.5,0.1,0.5,0.9,0,50,0
0.1,0.5,0.1,0.9,0.1,0,49,1
0.1,0.5,0.1,0.9,0.5,0,50,0
0.1,0.5,0.1,0.9,0.9,0,50,0
0.1,0.5,0.5,0.1,0.1,30,19,1
0.1,0.5,0.5,0.1,0.5,29,21,0
0.1,0.5,0.5,0.1,0.9,29,21,0
0.1,0.5,0.5,0.5,0.1,0,20,30
0.1,0.5,0.5,0.5,0.5,2,46,2
0.1,0.5,0.5,0.5,0.9,2,48,0
0.1,0.5,0.5,0.9,0.1,0,22,28
0.1,0.5,0.5,0.9,0.5,0,47,3
0.1,0.5,0.5,0.9,0.9,0,50,0
0.1,0.5,0.9,0.1,0.1,35,15,0
0.1,0.5,0.9,0.1,0.5,32,18,0
0.1,0.5,0.9,0.1,0.9,29,21,0
0.1,0.5,0.9,0.5,0.1,22,25,3
0.1,0.5,0.9,0.5,0.5,22,28,0
0.1,0.5,0.9,0.5,0.9,33,17,0
0.1,0.5,0.9,0.9,0.1,0,41,9
0.1,0.5,0.9,0.9,0.5,2,47,1
0.1,0.5,0.9,0.9,0.9,11,39,0
0.1,0.9,0.1,0.1,0.1,0,44,6
0.1,0.9,0.1,0.1,0.5,0,49,1
0.1,0.9,0.1,0.1,0.9,2,48,0
0.1,0.9,0.1,0.5,0.1,0,46,4
0.1,0.9,0.1,0.5,0.5,0,49,1
0.1,0.9,0.1,0.5,0.9,0,50,0
0.1,0.9,0.1,0.9,0.1,0,46,4
0.1,0.9,0.1,0.9,0.5,0,50,0
0.1,0.9,0.1,0.9,0.9,0,50,0
0.1,0.9,0.5,0.1,0.1,43,7,0
0.1,0.9,0.5,0.1,0.5,45,5,0
0.1,0.9,0.5,0.1,0.9,46,4,0
0.1,0.9,0.5,0.5,0.1,5,34,11
0.1,0.9,0.5,0.5,0.5,9,41,0
0.1,0.9,0.5,0.5,0.9,8,42,0
0.1,0.9,0.5,0.9,0.1,0,38,12
0.1,0.9,0.5,0.9,0.5,0,50,0
0.1,0.9,0.5,0.9,0.9,0,50,0
0.1,0.9,0.9,0.1,0.1,46,4,0
0.1,0.9,0.9,0.1,0.5,46,4,0
0.1,0.9,0.9,0.1,0.9,48,2,0
0.1,0.9,0.9,0.5,0.1,35,15,0
0.1,0.9,0.9,0.5,0.5,44,6,0
0.1,0.9,0.9,0.5,0.9,47,3,0
0.1,0.9,0.9,0.9,0.1,0,50,0
0.1,0.9,0.9,0.9,0.5,3,47,0
0.1,0.9,0.9,0.9,0.9,19,31,0
0.5,0.1,0.1,0.1,0.1,0,46,4
0.5,0.1,0.1,0.1,0.5,0,48,2
0.5,0.1,0.1,0.1,0.9,0,50,0
0.5,0.1,0.1,0.5,0.1,0,38,12
0.5,0.1,0.1,0.5,0.5,0,47,3
0.5,0.1,0.1,0.5,0.9,0,50,0
0.5,0.1,0.1,0.9,0.1,0,37,13
0.5,0.1,0.1,0.9,0.5,0,49,1
0.5,0.1,0.1,0.9,0.9,0,50,0
0.5,0.1,0.5,0.1,0.1,24,5,21
0.5,0.1,0.5,0.1,0.5,27,23,0
0.5,0.1,0.5,0.1,0.9,21,29,0
0.5,0.1,0.5,0.5,0.1,0,0,50
0.5,0.1,0.5,0.5,0.5,3,41,6
0.5,0.1,0.5,0.5,0.9,6,44,0
0.5,0.1,0.5,0.9,0.1,0,0,50
0.5,0.1,0.5,0.9,0.5,0,44,6
0.5,0.1,0.5,0.9,0.9,0,50,0
0.5,0.1,0.9,0.1,0.1,37,13,0
0.5,0.1,0.9,0.1,0.5,33,17,0
0.5,0.1,0.9,0.1,0.9,29,21,0
0.5,0.1,0.9,0.5,0.1,11,5,34
0.5,0.1,0.9,0.5,0.5,28,22,0
0.5,0.1,0.9,0.5,0.9,31,19,0
0.5,0.1,0.9,0.9,0.1,0,3,47
0.5,0.1,0.9,0.9,0.5,3,47,0
0.5,0.1,0.9,0.9,0.9,8,42,0
0.5,0.5,0.1,0.1,0.1,0,37,13
0.5,0.5,0.1,0.1,0.5,0,49,1
0.5,0.5,0.1,0.1,0.9,4,46,0
0.5,0.5,0.1,0.5,0.1,0,34,16
0.5,0.5,0.1,0.5,0.5,0,49,1
0.5,0.5,0.1,0.5,0.9,0,50,0
0.5,0.5,0.1,0.9,0.1,0,37,13
0.5,0.5,0.1,0.9,0.5,0,48,2
0.5,0.5,0.1,0.9,0.9,0,50,0
0.5,0.5,0.5,0.1,0.1,50,0,0
0.5,0.5,0.5,0.1,0.5,50,0,0
0.5,0.5,0.5,0.1,0.9,50,0,0
0.5,0.5,0.5,0.5,0.1,19,31,0
0.5,0.5,0.5,0.5,0.5,21,29,0
0.5,0.5,0.5,0.5,0.9,15,35,0
0.5,0.5,0.5,0.9,0.1,0,43,7
0.5,0.5,0.5,0.9,0.5,0,50,0
0.5,0.5,0.5,0.9,0.9,0,50,0
0.5,0.5,0.9,0.1,0.1,50,0,0
0.5,0.5,0.9,0.1,0.5,50,0,0
0.5,0.5,0.9,0.1,0.9,50,0,0
0.5,0.5,0.9,0.5,0.1,49,1,0
0.5,0.5,0.9,0.5,0.5,50,0,0
0.5,0.5,0.9,0.5,0.9,50,0,0
0.5,0.5,0.9,0.9,0.1,9,41,0
0.5,0.5,0.9,0.9,0.5,15,35,0
0.5,0.5,0.9,0.9,0.9,39,11,0
0.5,0.9,0.1,0.1,0.1,0,47,3
0.5,0.9,0.1,0.1,0.5,0,50,0
0.5,0.9,0.1,0.1,0.9,4,46,0
0.5,0.9,0.1,0.5,0.1,0,47,3
0.5,0.9,0.1,0.5,0.5,0,50,0
0.5,0.9,0.1,0.5,0.9,0,50,0
0.5,0.9,0.1,0.9,0.1,0,49,1
0.5,0.9,0.1,0.9,0.5,0,50,0
0.5,0.9,0.1,0.9,0.9,0,50,0
0.5,0.9,0.5,0.1,0.1,50,0,0
0.5,0.9,0.5,0.1,0.5,50,0,0
0.5,0.9,0.5,0.1,0.9,50,0,0
0.5,0.9,0.5,0.5,0.1,20,30,0
0.5,0.9,0.5,0.5,0.5,19,31,0
0.5,0.9,0.5,0.5,0.9,15,35,0
0.5,0.9,0.5,0.9,0.1,0,50,0
0.5,0.9,0.5,0.9,0.5,0,50,0
0.5,0.9,0.5,0.9,0.9,0,50,0
0.5,0.9,0.9,0.1,0.1,50,0,0
0.5,0.9,0.9,0.1,0.5,50,0,0
0.5,0.9,0.9,0.1,0.9,50,0,0
0.5,0.9,0.9,0.5,0.1,50,0,0
0.5,0.9,0.9,0.5,0.5,50,0,0
0.5,0.9,0.9,0.5,0.9,50,0,0
0.5,0.9,0.9,0.9,0.1,10,40,0
0.5,0.9,0.9,0.9,0.5,17,33,0
0.5,0.9,0.9,0.9,0.9,29,21,0
0.9,0.1,0.1,0.1,0.1,0,34,16
0.9,0.1,0.1,0.1,0.5,0,47,3
0.9,0.1,0.1,0.1,0.9,1,49,0
0.9,0.1,0.1,0.5,0.1,0,24,26
0.9,0.1,0.1,0.5,0.5,0,43,7
0.9,0.1,0.1,0.5,0.9,0,50,0
0.9,0.1,0.1,0.9,0.1,0,30,20
0.9,0.1,0.1,0.9,0.5,0,47,3
0.9,0.1,0.1,0.9,0.9,0,50,0
0.9,0.1,0.5,0.1,0.1,41,8,1
0.9,0.1,0.5,0.1,0.5,43,7,0
0.9,0.1,0.5,0.1,0.9,34,16,0
0.9,0.1,0.5,0.5,0.1,0,6,44
0.9,0.1,0.5,0.5,0.5,9,41,0
0.9,0.1,0.5,0.5,0.9,11,39,0
0.9,0.1,0.5,0.9,0.1,0,4,46
0.9,0.1,0.5,0.9,0.5,0,50,0
0.9,0.1,0.5,0.9,0.9,0,50,0
0.9,0.1,0.9,0.1,0.1,43,7,0
0.9,0.1,0.9,0.1,0.5,40,10,0
0.9,0.1,0.9,0.1,0.9,42,8,0
0.9,0.1,0.9,0.5,0.1,41,2,7
0.9,0.1,0.9,0.5,0.5,45,5,0
0.9,0.1,0.9,0.5,0.9,48,2,0
0.9,0.1,0.9,0.9,0.1,1,26,23
0.9,0.1,0.9,0.9,0.5,8,42,0
0.9,0.1,0.9,0.9,0.9,22,28,0
0.9,0.5,0.1,0.1,0.1,0,48,2
0.9,0.5,0.1,0.1,0.5,0,50,0
0.9,0.5,0.1,0.1,0.9,3,47,0
0.9,0.5,0.1,0.5,0.1,0,44,6
0.9,0.5,0.1,0.5,0.5,0,50,0
0.9,0.5,0.1,0.5,0.9,0,50,0
0.9,0.5,0.1,0.9,0.1,0,46,4
0.9,0.5,0.1,0.9,0.5,0,50,0
0.9,0.5,0.1,0.9,0.9,0,50,0
0.9,0.5,0.5,0.1,0.1,50,0,0
0.9,0.5,0.5,0.1,0.5,50,0,0
0.9,0.5,0.5,0.1,0.9,50,0,0
0.9,0.5,0.5,0.5,0.1,23,27,0
0.9,0.5,0.5,0.5,0.5,20,30,0
0.9,0.5,0.5,0.5,0.9,12,38,0
0.9,0.5,0.5,0.9,0.1,0,50,0
0.9,0.5,0.5,0.9,0.5,0,50,0
0.9,0.5,0.5,0.9,0.9,0,50,0
0.9,0.5,0.9,0.1,0.1,50,0,0
0.9,0.5,0.9,0.1,0.5,50,0,0
0.9,0.5,0.9,0.1,0.9,50,0,0
0.9,0.5,0.9,0.5,0.1,50,0,0
0.9,0.5,0.9,0.5,0.5,50,0,0
0.9,0.5,0.9,0.5,0.9,50,0,0
0.9,0.5,0.9,0.9,0.1,11,39,0
0.9,0.5,0.9,0.9,0.5,20,30,0
0.9,0.5,0.9,0.9,0.9,42,8,0
0.9,0.9,0.1,0.1,0.1,0,50,0
0.9,0.9,0.1,0.1,0.5,0,50,0
0.9,0.9,0.1,0.1,0.9,2,48,0
0.9,0.9,0.1,0.5,0.1,0,50,0
0.9,0.9,0.1,0.5,0.5,0,50,0
0.9,0.9,0.1,0.5,0.9,0,50,0
0.9,0.9,0.1,0.9,0.1,0,50,0
0.9,0.9,0.1,0.9,0.5,0,50,0
0.9,0.9,0.1,0.9,0.9,0,50,0
0.9,0.9,0.5,0.1,0.1,50,0,0
0.9,0.9,0.5,0.1,0.5,50,0,0
0.9,0.9,0.5,0.1,0.9,50,0,0
0.9,0.9,0.5,0.5,0.1,20,30,0
0.9,0.9,0.5,0.5,0.5,14,36,0
0.9,0.9,0.5,0.5,0.9,10,40,0
0.9,0.9,0.5,0.9,0.1,0,50,0
0.9,0.9,0.5,0.9,0.5,0,50,0
0.9,0.9,0.5,0.9,0.9,0,50,0
0.9,0.9,0.9,0.1,0.1,50,0,0
0.9,0.9,0.9,0.1,0.5,50,0,0
0.9,0.9,0.9,0.1,0.9,50,0,0
0.9,0.9,0.9,0.5,0.1,50,0,0
0.9,0.9,0.9,0.5,0.5,49,1,0
0.9,0.9,0.9,0.5,0.9,50,0,0
0.9,0.9,0.9,0.9,0.1,8,42,0
0.9,0.9,0.9,0.9,0.5,23,27,0
0.9,0.9,0.9,0.9,0.9,39,11,0
0.1,0.1,0.1,0.1,0.1,0,50,0
0.1,0.1,0.1,0.1,0.5,0,50,0
0.1,0.1,0.1,0.1,0.9,0,50,0
0.1,0.1,0.1,0.5,0.1,0,50,0
0.1,0.1,0.1,0.5,0.5,0,50,0
0.1,0.1,0.1,0.5,0.9,0,50,0
0.1,0.1,0.1,0.9,0.1,0,50,0
0.1,0.1,0.1,0.9,0.5,0,50,0
0.1,0.1,0.1,0.9,0.9,0,50,0
0.1,0.1,0.5,0.1,0.1,0,43,7
0.1,0.1,0.5,0.1,0.5,0,38,12
0.1,0.1,0.5,0.1,0.9,0,50,0
0.1,0.1,0.5,0.5,0.1,0,35,15
0.1,0.1,0.5,0.5,0.5,0,42,8
0.1,0.1,0.5,0.5,0.9,0,50,0
0.1,0.1,0.5,0.9,0.1,0,30,20
0.1,0.1,0.5,0.9,0.5,0,37,13
0.1,0.1,0.5,0.9,0.9,0,50,0
0.1,0.1,0.9,0.1,0.1,0,37,13
0.1,0.1,0.9,0.1,0.5,0,45,5
0.1,0.1,0.9,0.1,0.9,0,50,0
0.1,0.1,0.9,0.5,0.1,0,39,11
0.1,0.1,0.9,0.5,0.5,0,42,8
0.1,0.1,0.9,0.5,0.9,0,50,0
0.1,0.1,0.9,0.9,0.1,0,29,21
0.1,0.1,0.9,0.9,0.5,0,45,5
0.1,0.1,0.9,0.9,0.9,0,50,0
0.1,0.5,0.1,0.1,0.1,0,47,3
0.1,0.5,0.1,0.1,0.5,0,50,0
0.1,0.5,0.1,0.1,0.9,1,49,0
0.1,0.5,0.1,0.5,0.1,0,46,4
0.1,0.5,0.1,0.5,0.5,0,50,0
0.1,0.5,0.1,0.5,0.9,0,50,0
0.1,0.5,0.1,0.9,0.1,0,47,3
0.1,0.5,0.1,0.9,0.5,0,49,1
0.1,0.5,0.1,0.9,0.9,0,50,0
0.1,0.5,0.5,0.1,0.1,15,27,8
0.1,0.5,0.5,0.1,0.5,24,26,0
0.1,0.5,0.5,0.1,0.9,34,16,0
0.1,0.5,0.5,0.5,0.1,0,21,29
0.1,0.5,0.5,0.5,0.5,3,45,2
0.1,0.5,0.5,0.5,0.9,6,44,0
0.1,0.5,0.5,0.9,0.1,0,21,29
0.1,0.5,0.5,0.9,0.5,0,46,4
0.1,0.5,0.5,0.9,0.9,0,50,0
0.1,0.5,0.9,0.1,0.1,34,16,0
0.1,0.5,0.9,0.1,0.5,35,15,0
0.1,0.5,0.9,0.1,0.9,36,14,0
0.1,0.5,0.9,0.5,0.1,20,27,3
0.1,0.5,0.9,0.5,0.5,22,28,0
0.1,0.5,0.9,0.5,0.9,30,20,0
0.1,0.5,0.9,0.9,0.1,0,45,5
0.1,0.5,0.9,0.9,0.5,2,47,1
0.1,0.5,0.9,0.9,0.9,7,43,0
0.1,0.9,0.1,0.1,0.1,0,46,4
0.1,0.9,0.1,0.1,0.5,0,50,0
0.1,0.9,0.1,0.1,0.9,3,47,0
0.1,0.9,0.1,0.5,0.1,0,46,4
0.1,0.9,0.1,0.5,0.5,0,49,1
0.1,0.9,0.1,0.5,0.9,0,50,0
0.1,0.9,0.1,0.9,0.1,0,43,7
0.1,0.9,0.1,0.9,0.5,0,50,0
0.1,0.9,0.1,0.9,0.9,0,50,0
0.1,0.9,0.5,0.1,0.1,45,5,0
0.1,0.9,0.5,0.1,0.5,46,4,0
0.1,0.9,0.5,0.1,0.9,44,6,0
0.1,0.9,0.5,0.5,0.1,6,34,10
0.1,0.9,0.5,0.5,0.5,6,44,0
0.1,0.9,0.5,0.5,0.9,5,45,0
0.1,0.9,0.5,0.9,0.1,0,35,15
0.1,0.9,0.5,0.9,0.5,0,50,0
0.1,0.9,0.5,0.9,0.9,0,50,0
0.1,0.9,0.9,0.1,0.1,42,8,0
0.1,0.9,0.9,0.1,0.5,45,5,0
0.1,0.9,0.9,0.1,0.9,47,3,0
0.1,0.9,0.9,0.5,0.1,41,9,0
0.1,0.9,0.9,0.5,0.5,43,7,0
0.1,0.9,0.9,0.5,0.9,48,2,0
0.1,0.9,0.9,0.9,0.1,1,46,3
0.1,0.9,0.9,0.9,0.5,1,49,0
0.1,0.9,0.9,0.9,0.9,14,36,0
0.5,0.1,0.1,0.1,0.1,0,41,9
0.5,0.1,0.1,0.1,0.5,0,43,7
0.5,0.1,0.1,0.1,0.9,0,50,0
0.5,0.1,0.1,0.5,0.1,0,37,13
0.5,0.1,0.1,0.5,0.5,0,47,3
0.5,0.1,0.1,0.5,0.9,0,50,0
0.5,0.1,0.1,0.9,0.1,0,42,8
0.5,0.1,0.1,0.9,0.5,0,49,1
0.5,0.1,0.1,0.9,0.9,0,50,0
0.5,0.1,0.5,0.1,0.1,26,10,14
0.5,0.1,0.5,0.1,0.5,25,25,0
0.5,0.1,0.5,0.1,0.9,27,23,0
0.5,0.1,0.5,0.5,0.1,0,0,50
0.5,0.1,0.5,0.5,0.5,3,46,1
0.5,0.1,0.5,0.5,0.9,3,47,0
0.5,0.1,0.5,0.9,0.1,0,0,50
0.5,0.1,0.5,0.9,0.5,0,45,5
0.5,0.1,0.5,0.9,0.9,0,50,0
0.5,0.1,0.9,0.1,0.1,29,21,0
0.5,0.1,0.9,0.1,0.5,29,21,0
0.5,0.1,0.9,0.1,0.9,28,22,0
0.5,0.1,0.9,0.5,0.1,5,7,38
0.5,0.1,0.9,0.5,0.5,32,18,0
0.5,0.1,0.9,0.5,0.9,33,17,0
0.5,0.1,0.9,0.9,0.1,0,5,45
0.5,0.1,0.9,0.9,0.5,2,48,0
0.5,0.1,0.9,0.9,0.9,4,46,0
0.5,0.5,0.1,0.1,0.1,0,40,10
0.5,0.5,0.1,0.1,0.5,0,50,0
0.5,0.5,0.1,0.1,0.9,2,48,0
0.5,0.5,0.1,0.5,0.1,0,41,9
0.5,0.5,0.1,0.5,0.5,0,50,0
0.5,0.5,0.1,0.5,0.9,0,50,0
0.5,0.5,0.1,0.9,0.1,0,37,13
0.5,0.5,0.1,0.9,0.5,0,50,0
0.5,0.5,0.1,0.9,0.9,0,50,0
0.5,0.5,0.5,0.1,0.1,50,0,0
0.5,0.5,0.5,0.1,0.5,50,0,0
0.5,0.5,0.5,0.1,0.9,50,0,0
0.5,0.5,0.5,0.5,0.1,19,27,4
0.5,0.5,0.5,0.5,0.5,14,36,0
0.5,0.5,0.5,0.5,0.9,12,38,0
0.5,0.5,0.5,0.9,0.1,0,49,1
0.5,0.5,0.5,0.9,0.5,0,50,0
0.5,0.5,0.5,0.9,0.9,0,50,0
0.5,0.5,0.9,0.1,0.1,50,0,0
0.5,0.5,0.9,0.1,0.5,50,0,0
0.5,0.5,0.9,0.1,0.9,50,0,0
0.5,0.5,0.9,0.5,0.1,50,0,0
0.5,0.5,0.9,0.5,0.5,50,0,0
0.5,0.5,0.9,0.5,0.9,50,0,0
0.5,0.5,0.9,0.9,0.1,11,39,0
0.5,0.5,0.9,0.9,0.5,16,34,0
0.5,0.5,0.9,0.9,0.9,37,13,0
0.5,0.9,0.1,0.1,0.1,0,46,4
0.5,0.9,0.1,0.1,0.5,0,50,0
0.5,0.9,0.1,0.1,0.9,3,47,0
0.5,0.9,0.1,0.5,0.1,0,47,3
0.5,0.9,0.1,0.5,0.5,0,50,0
0.5,0.9,0.1,0.5,0.9,0,50,0
0.5,0.9,0.1,0.9,0.1,0,43,7
0.5,0.9,0.1,0.9,0.5,0,50,0
0.5,0.9,0.1,0.9,0.9,0,50,0
0.5,0.9,0.5,0.1,0.1,50,0,0
0.5,0.9,0.5,0.1,0.5,50,0,0
0.5,0.9,0.5,0.1,0.9,50,0,0
0.5,0.9,0.5,0.5,0.1,19,31,0
0.5,0.9,0.5,0.5,0.5,18,32,0
0.5,0.9,0.5,0.5,0.9,11,39,0
0.5,0.9,0.5,0.9,0.1,0,50,0
0.5,0.9,0.5,0.9,0.5,0,50,0
0.5,0.9,0.5,0.9,0.9,0,50,0
0.5,0.9,0.9,0.1,0.1,50,0,0
0.5,0.9,0.9,0.1,0.5,50,0,0
0.5,0.9,0.9,0.1,0.9,50,0,0
0.5,0.9,0.9,0.5,0.1,50,0,0
0.5,0.9,0.9,0.5,0.5,50,0,0
0.5,0.9,0.9,0.5,0.9,50,0,0
0.5,0.9,0.9,0.9,0.1,9,41,0
0.5,0.9,0.9,0.9,0.5,15,35,0
0.5,0.9,0.9,0.9,0.9,33,17,0
0.9,0.1,0.1,0.1,0.1,0,38,12
0.9,0.1,0.1,0.1,0.5,0,46,4
0.9,0.1,0.1,0.1,0.9,2,48,0
0.9,0.1,0.1,0.5,0.1,0,34,16
0.9,0.1,0.1,0.5,0.5,0,47,3
0.9,0.1,0.1,0.5,0.9,0,50,0
0.9,0.1,0.1,0.9,0.1,0,34,16
0.9,0.1,0.1,0.9,0.5,0,44,6
0.9,0.1,0.1,0.9,0.9,0,50,0
0.9,0.1,0.5,0.1,0.1,42,8,0
0.9,0.1,0.5,0.1,0.5,42,8,0
0.9,0.1,0.5,0.1,0.9,46,4,0
0.9,0.1,0.5,0.5,0.1,1,1,48
0.9,0.1,0.5,0.5,0.5,16,34,0
0.9,0.1,0.5,0.5,0.9,11,39,0
0.9,0.1,0.5,0.9,0.1,0,3,47
0.9,0.1,0.5,0.9,0.5,0,50,0
0.9,0.1,0.5,0.9,0.9,0,50,0
0.9,0.1,0.9,0.1,0.1,46,4,0
0.9,0.1,0.9,0.1,0.5,43,7,0
0.9,0.1,0.9,0.1,0.9,38,12,0
0.9,0.1,0.9,0.5,0.1,39,6,5
0.9,0.1,0.9,0.5,0.5,43,7,0
0.9,0.1,0.9,0.5,0.9,46,4,0
0.9,0.1,0.9,0.9,0.1,0,22,28
0.9,0.1,0.9,0.9,0.5,8,42,0
0.9,0.1,0.9,0.9,0.9,22,28,0
0.9,0.5,0.1,0.1,0.1,0,45,5
0.9,0.5,0.1,0.1,0.5,0,50,0
0.9,0.5,0.1,0.1,0.9,2,48,0
0.9,0.5,0.1,0.5,0.1,0,47,3
0.9,0.5,0.1,0.5,0.5,0,50,0
0.9,0.5,0.1,0.5,0.9,0,50,0
0.9,0.5,0.1,0.9,0.1,0,48,2
0.9,0.5,0.1,0.9,0.5,0,50,0
0.9,0.5,0.1,0.9,0.9,0,50,0
0.9,0.5,0.5,0.1,0.1,50,0,0
0.9,0.5,0.5,0.1,0.5,50,0,0
0.9,0.5,0.5,0.1,0.9,50,0,0
0.9,0.5,0.5,0.5,0.1,21,29,0
0.9,0.5,0.5,0.5,0.5,18,32,0
0.9,0.5,0.5,0.5,0.9,13,37,0
0.9,0.5,0.5,0.9,0.1,0,50,0
0.9,0.5,0.5,0.9,0.5,0,50,0
0.9,0.5,0.5,0.9,0.9,0,50,0
0.9,0.5,0.9,0.1,0.1,50,0,0
0.9,0.5,0.9,0.1,0.5,50,0,0
0.9,0.5,0.9,0.1,0.9,50,0,0
0.9,0.5,0.9,0.5,0.1,50,0,0
0.9,0.5,0.9,0.5,0.5,48,2,0
0.9,0.5,0.9,0.5,0.9,50,0,0
0.9,0.5,0.9,0.9,0.1,9,41,0
0.9,0.5,0.9,0.9,0.5,20,30,0
0.9,0.5,0.9,0.9,0.9,43,7,0
0.9,0.9,0.1,0.1,0.1,0,49,1
0.9,0.9,0.1,0.1,0.5,0,50,0
0.9,0.9,0.1,0.1,0.9,8,42,0
0.9,0.9,0.1,0.5,0.1,0,50,0
0.9,0.9,0.1,0.5,0.5,0,50,0
0.9,0.9,0.1,0.5,0.9,0,50,0
0.9,0.9,0.1,0.9,0.1,0,50,0
0.9,0.9,0.1,0.9,0.5,0,50,0
0.9,0.9,0.1,0.9,0.9,0,50,0
0.9,0.9,0.5,0.1,0.1,50,0,0
0.9,0.9,0.5,0.1,0.5,50,0,0
0.9,0.9,0.5,0.1,0.9,49,1,0
0.9,0.9,0.5,0.5,0.1,22,28,0
0.9,0.9,0.5,0.5,0.5,15,35,0
0.9,0.9,0.5,0.5,0.9,12,38,0
0.9,0.9,0.5,0.9,0.1,0,50,0
0.9,0.9,0.5,0.9,0.5,0,50,0
0.9,0.9,0.5,0.9,0.9,0,50,0
0.9,0.9,0.9,0.1,0.1,50,0,0
0.9,0.9,0.9,0.1,0.5,50,0,0
0.9,0.9,0.9,0.1,0.9,50,0,0
0.9,0.9,0.9,0.5,0.1,50,0,0
0.9,0.9,0.9,0.5,0.5,49,1,0
0.9,0.9,0.9,0.5,0.9,50,0,0
0.9,0.9,0.9,0.9,0.1,10,40,0
0.9,0.9,0.9,0.9,0.5,12,38,0
0.9,0.9,0.9,0.9,0.9,35,15,0
0.1,0.1,0.1,0.1,0.1,0,50,0
0.1,0.1,0.1,0.1,0.5,0,50,0
0.1,0.1,0.1,0.1,0.9,0,50,0
0.1,0.1,0.1,0.5,0.1,0,50,0
0.1,0.1,0.1,0.5,0.5,0,50,0
0.1,0.1,0.1,0.5,0.9,0,50,0
0.1,0.1,0.1,0.9,0.1,0,50,0
0.1,0.1,0.1,0.9,0.5,0,50,0
0.1,0.1,0.1,0.9,0.9,0,50,0
0.1,0.1,0.5,0.1,0.1,0,39,11
0.1,0.1,0.5,0.1,0.5,0,37,13
0.1,0.1,0.5,0.1,0.9,0,50,0
0.1,0.1,0.5,0.5,0.1,0,33,17
0.1,0.1,0.5,0.5,0.5,0,44,6
0.1,0.1,0.5,0.5,0.9,0,50,0
0.1,0.1,0.5,0.9,0.1,0,33,17
0.1,0.1,0.5,0.9,0.5,0,38,12
0.1,0.1,0.5,0.9,0.9,0,50,0
0.1,0.1,0.9,0.1,0.1,0,28,22
0.1,0.1,0.9,0.1,0.5,0,49,1
0.1,0.1,0.9,0.1,0.9,1,49,0
0.1,0.1,0.9,0.5,0.1,0,39,11
0.1,0.1,0.9,0.5,0.5,0,41,9
0.1,0.1,0.9,0.5,0.9,0,50,0
0.1,0.1,0.9,0.9,0.1,0,34,16
0.1,0.1,0.9,0.9,0.5,0,41,9
0.1,0.1,0.9,0.9,0.9,0,50,0
0.1,0.5,0.1,0.1,0.1,0,50,0
0.1,0.5,0.1,0.1,0.5,0,50,0
0.1,0.5,0.1,0.1,0.9,0,50,0
0.1,0.5,0.1,0.5,0.1,0,49,1
0.1,0.5,0.1,0.5,0.5,0,50,0
0.1,0.5,0.1,0.5,0.9,0,50,0
0.1,0.5,0.1,0.9,0.1,0,50,0
0.1,0.5,0.1,0.9,0.5,0,49,1
0.1,0.5,0.1,0.9,0.9,0,50,0
0.1,0.5,0.5,0.1,0.1,26,22,2
0.1,0.5,0.5,0.1,0.5,28,22,0
0.1,0.5,0.5,0.1,0.9,27,23,0
0.1,0.5,0.5,0.5,0.1,0,19,31
0.1,0.5,0.5,0.5,0.5,5,45,0
0.1,0.5,0.5,0.5,0.9,2,48,0
0.1,0.5,0.5,0.9,0.1,0,14,36
0.1,0.5,0.5,0.9,0.5,0,46,4
0.1,0.5,0.5,0.9,0.9,0,50,0
0.1,0.5,0.9,0.1,0.1,33,17,0
0.1,0.5,0.9,0.1,0.5,30,20,0
0.1,0.5,0.9,0.1,0.9,33,17,0
0.1,0.5,0.9,0.5,0.1,18,29,3
0.1,0.5,0.9,0.5,0.5,24,26,0
0.1,0.5,0.9,0.5,0.9,34,16,0
0.1,0.5,0.9,0.9,0.1,0,39,11
0.1,0.5,0.9,0.9,0.5,2,48,0
0.1,0.5,0.9,0.9,0.9,10,40,0
0.1,0.9,0.1,0.1,0.1,0,45,5
0.1,0.9,0.1,0.1,0.5,0,50,0
0.1,0.9,0.1,0.1,0.9,2,48,0
0.1,0.9,0.1,0.5,0.1,0,47,3
0.1,0.9,0.1,0.5,0.5,0,50,0
0.1,0.9,0.1,0.5,0.9,0,50,0
0.1,0.9,0.1,0.9,0.1,0,47,3
0.1,0.9,0.1,0.9,0.5,0,48,2
0.1,0.9,0.1,0.9,0.9,0,50,0
0.1,0.9,0.5,0.1,0.1,45,5,0
0.1,0.9,0.5,0.1,0.5,42,8,0
0.1,0.9,0.5,0.1,0.9,49,1,0
0.1,0.9,0.5,0.5,0.1,5,35,10
0.1,0.9,0.5,0.5,0.5,9,40,1
0.1,0.9,0.5,0.5,0.9,16,34,0
0.1,0.9,0.5,0.9,0.1,0,35,15
0.1,0.9,0.5,0.9,0.5,0,50,0
0.1,0.9,0.5,0.9,0.9,0,50,0
0.1,0.9,0.9,0.1,0.1,48,2,0
0.1,0.9,0.9,0.1,0.5,43,7,0
0.1,0.9,0.9,0.1,0.9,49,1,0
0.1,0.9,0.9,0.5,0.1,41,9,0
0.1,0.9,0.9,0.5,0.5,44,6,0
0.1,0.9,0.9,0.5,0.9,46,4,0
0.1,0.9,0.9,0.9,0.1,3,46,1
0.1,0.9,0.9,0.9,0.5,6,44,0
0.1,0.9,0.9,0.9,0.9,16,34,0
0.5,0.1,0.1,0.1,0.1,0,44,6
0.5,0.1,0.1,0.1,0.5,0,47,3
0.5,0.1,0.1,0.1,0.9,0,50,0
0.5,0.1,0.1,0.5,0.1,0,40,10
0.5,0.1,0.1,0.5,0.5,0,50,0
0.5,0.1,0.1,0.5,0.9,0,50,0
0.5,0.1,0.1,0.9,0.1,0,41,9
0.5,0.1,0.1,0.9,0.5,0,48,2
0.5,0.1,0.1,0.9,0.9,0,50,0
0.5,0.1,0.5,0.1,0.1,24,8,18
0.5,0.1,0.5,0.1,0.5,31,19,0
0.5,0.1,0.5,0.1,0.9,25,25,0
0.5,0.1,0.5,0.5,0.1,0,0,50
0.5,0.1,0.5,0.5,0.5,2,45,3
0.5,0.1,0.5,0.5,0.9,5,45,0
0.5,0.1,0.5,0.9,0.1,0,0,50
0.5,0.1,0.5,0.9,0.5,0,45,5
0.5,0.1,0.5,0.9,0.9,0,50,0
0.5,0.1,0.9,0.1,0.1,41,9,0
0.5,0.1,0.9,0.1,0.5,29,21,0
0.5,0.1,0.9,0.1,0.9,25,25,0
0.5,0.1,0.9,0.5,0.1,8,2,40
0.5,0.1,0.9,0.5,0.5,26,24,0
0.5,0.1,0.9,0.5,0.9,32,18,0
0.5,0.1,0.9,0.9,0.1,0,3,47
0.5,0.1,0.9,0.9,0.5,6,44,0
0.5,0.1,0.9,0.9,0.9,4,46,0
0.5,0.5,0.1,0.1,0.1,0,39,11
0.5,0.5,0.1,0.1,0.5,0,50,0
0.5,0.5,0.1,0.1,0.9,6,44,0
0.5,0.5,0.1,0.5,0.1,0,35,15
0.5,0.5,0.1,0.5,0.5,0,49,1
0.5,0.5,0.1,0.5,0.9,0,50,0
0.5,0.5,0.1,0.9,0.1,0,36,14
0.5,0.5,0.1,0.9,0.5,0,50,0
0.5,0.5,0.1,0.9,0.9,0,50,0
0.5,0.5,0.5,0.1,0.1,50,0,0
0.5,0.5,0.5,0.1,0.5,50,0,0
0.5,0.5,0.5,0.1,0.9,50,0,0
0.5,0.5,0.5,0.5,0.1,16,33,1
0.5,0.5,0.5,0.5,0.5,18,32,0
0.5,0.5,0.5,0.5,0.9,17,33,0
0.5,0.5,0.5,0.9,0.1,0,45,5
0.5,0.5,0.5,0.9,0.5,0,50,0
0.5,0.5,0.5,0.9,0.9,0,50,0
0.5,0.5,0.9,0.1,0.1,50,0,0
0.5,0.5,0.9,0.1,0.5,50,0,0
0.5,0.5,0.9,0.1,0.9,50,0,0
0.5,0.5,0.9,0.5,0.1,50,0,0
0.5,0.5,0.9,0.5,0.5,49,1,0
0.5,0.5,0.9,0.5,0.9,50,0,0
0.5,0.5,0.9,0.9,0.1,8,41,1
0.5,0.5,0.9,0.9,0.5,15,35,0
0.5,0.5,0.9,0.9,0.9,39,11,0
0.5,0.9,0.1,0.1,0.1,0,45,5
0.5,0.9,0.1,0.1,0.5,0,50,0
0.5,0.9,0.1,0.1,0.9,6,44,0
0.5,0.9,0.1,0.5,0.1,0,46,4
0.5,0.9,0.1,0.5,0.5,0,50,0
0.5,0.9,0.1,0.5,0.9,0,50,0
0.5,0.9,0.1,0.9,0.1,0,45,5
0.5,0.9,0.1,0.9,0.5,0,50,0
0.5,0.9,0.1,0.9,0.9,0,50,0
0.5,0.9,0.5,0.1,0.1,50,0,0
0.5,0.9,0.5,0.1,0.5,50,0,0
0.5,0.9,0.5,0.1,0.9,50,0,0
0.5,0.9,0.5,0.5,0.1,16,34,0
0.5,0.9,0.5,0.5,0.5,16,34,0
0.5,0.9,0.5,0.5,0.9,13,37,0
0.5,0.9,0.5,0.9,0.1,0,50,0
0.5,0.9,0.5,0.9,0.5,0,50,0
0.5,0.9,0.5,0.9,0.9,0,50,0
0.5,0.9,0.9,0.1,0.1,50,0,0
0.5,0.9,0.9,0.1,0.5,50,0,0
0.5,0.9,0.9,0.1,0.9,50,0,0
0.5,0.9,0.9,0.5,0.1,50,0,0
0.5,0.9,0.9,0.5,0.5,49,1,0
0.5,0.9,0.9,0.5,0.9,50,0,0
0.5,0.9,0.9,0.9,0.1,5,45,0
0.5,0.9,0.9,0.9,0.5,19,31,0
0.5,0.9,0.9,0.9,0.9,35,15,0
0.9,0.1,0.1,0.1,0.1,0,31,19
0.9,0.1,0.1,0.1,0.5,0,45,5
0.9,0.1,0.1,0.1,0.9,2,48,0
0.9,0.1,0.1,0.5,0.1,0,26,24
0.9,0.1,0.1,0.5,0.5,0,47,3
0.9,0.1,0.1,0.5,0.9,0,50,0
0.9,0.1,0.1,0.9,0.1,0,29,21
0.9,0.1,0.1,0.9,0.5,0,47,3
0.9,0.1,0.1,0.9,0.9,0,50,0
0.9,0.1,0.5,0.1,0.1,41,9,0
0.9,0.1,0.5,0.1,0.5,44,6,0
0.9,0.1,0.5,0.1,0.9,43,7,0
0.9,0.1,0.5,0.5,0.1,0,2,48
0.9,0.1,0.5,0.5,0.5,15,35,0
0.9,0.1,0.5,0.5,0.9,12,38,0
0.9,0.1,0.5,0.9,0.1,0,4,46
0.9,0.1,0.5,0.9,0.5,0,49,1
0.9,0.1,0.5,0.9,0.9,0,50,0
0.9,0.1,0.9,0.1,0.1,48,2,0
0.9,0.1,0.9,0.1,0.5,39,11,0
0.9,0.1,0.9,0.1,0.9,41,9,0
0.9,0.1,0.9,0.5,0.1,41,4,5
0.9,0.1,0.9,0.5,0.5,49,1,0
0.9,0.1,0.9,0.5,0.9,46,4,0
0.9,0.1,0.9,0.9,0.1,0,19,31
0.9,0.1,0.9,0.9,0.5,10,40,0
0.9,0.1,0.9,0.9,0.9,18,32,0
0.9,0.5,0.1,0.1,0.1,0,45,5
0.9,0.5,0.1,0.1,0.5,0,50,0
0.9,0.5,0.1,0.1,0.9,3,47,0
0.9,0.5,0.1,0.5,0.1,0,46,4
0.9,0.5,0.1,0.5,0.5,0,50,0
0.9,0.5,0.1,0.5,0.9,0,50,0
0.9,0.5,0.1,0.9,0.1,0,45,5
0.9,0.5,0.1,0.9,0.5,0,50,0
0.9,0.5,0.1,0.9,0.9,0,50,0
0.9,0.5,0.5,0.1,0.1,50,0,0
0.9,0.5,0.5,0.1,0.5,50,0,0
0.9,0.5,0.5,0.1,0.9,50,0,0
0.9,0.5,0.5,0.5,0.1,22,28,0
0.9,0.5,0.5,0.5,0.5,16,34,0
0.9,0.5,0.5,0.5,0.9,10,40,0
0.9,0.5,0.5,0.9,0.1,0,50,0
0.9,0.5,0.5,0.9,0.5,0,50,0
0.9,0.5,0.5,0.9,0.9,0,50,0
0.9,0.5,0.9,0.1,0.1,50,0,0
0.9,0.5,0.9,0.1,0.5,50,0,0
0.9,0.5,0.9,0.1,0.9,50,0,0
0.9,0.5,0.9,0.5,0.1,48,2,0
0.9,0.5,0.9,0.5,0.5,50,0,0
0.9,0.5,0.9,0.5,0.9,50,0,0
0.9,0.5,0.9,0.9,0.1,7,43,0
0.9,0.5,0.9,0.9,0.5,25,25,0
0.9,0.5,0.9,0.9,0.9,38,12,0
0.9,0.9,0.1,0.1,0.1,0,50,0
0.9,0.9,0.1,0.1,0.5,0,50,0
0.9,0.9,0.1,0.1,0.9,2,48,0
0.9,0.9,0.1,0.5,0.1,0,50,0
0.9,0.9,0.1,0.5,0.5,0,50,0
0.9,0.9,0.1,0.5,0.9,0,50,0
0.9,0.9,0.1,0.9,0.1,0,50,0
0.9,0.9,0.1,0.9,0.5,0,50,0
0.9,0.9,0.1,0.9,0.9,0,50,0
0.9,0.9,0.5,0.1,0.1,50,0,0
0.9,0.9,0.5,0.1,0.5,50,0,0
0.9,0.9,0.5,0.1,0.9,50,0,0
0.9,0.9,0.5,0.5,0.1,21,29,0
0.9,0.9,0.5,0.5,0.5,19,31,0
0.9,0.9,0.5,0.5,0.9,7,43,0
0.9,0.9,0.5,0.9,0.1,0,50,0
0.9,0.9,0.5,0.9,0.5,0,50,0
0.9,0.9,0.5,0.9,0.9,0,50,0
0.9,0.9,0.9,0.1,0.1,50,0,0
0.9,0.9,0.9,0.1,0.5,50,0,0
0.9,0.9,0.9,0.1,0.9,50,0,0
0.9,0.9,0.9,0.5,0.1,50,0,0
0.9,0.9,0.9,0.5,0.5,50,0,0
0.9,0.9,0.9,0.5,0.9,50,0,0
0.9,0.9,0.9,0.9,0.1,16,34,0
0.9,0.9,0.9,0.9,0.5,16,34,0
0.9,0.9,0.9,0.9,0.9,43,7,0
0.1,0.1,0.1,0.1,0.1,0,50,0
0.1,0.1,0.1,0.1,0.5,0,50,0
0.1,0.1,0.1,0.1,0.9,0,50,0
0.1,0.1,0.1,0.5,0.1,0,50,0
0.1,0.1,0.1,0.5,0.5,0,50,0
0.1,0.1,0.1,0.5,0.9,0,50,0
0.1,0.1,0.1,0.9,0.1,0,50,0
0.1,0.1,0.1,0.9,0.5,0,50,0
0.1,0.1,0.1,0.9,0.9,0,50,0
0.1,0.1,0.5,0.1,0.1,0,36,14
0.1,0.1,0.5,0.1,0.5,0,38,12
0.1,0.1,0.5,0.1,0.9,1,49,0
0.1,0.1,0.5,0.5,0.1,0,42,8
0.1,0.1,0.5,0.5,0.5,0,44,6
0.1,0.1,0.5,0.5,0.9,0,50,0
0.1,0.1,0.5,0.9,0.1,0,32,18
0.1,0.1,0.5,0.9,0.5,0,40,10
0.1,0.1,0.5,0.9,0.9,0,50,0
0.1,0.1,0.9,0.1,0.1,1,30,19
0.1,0.1,0.9,0.1,0.5,1,47,2
0.1,0.1,0.9,0.1,0.9,0,50,0
0.1,0.1,0.9,0.5,0.1,0,34,16
0.1,0.1,0.9,0.5,0.5,0,46,4
0.1,0.1,0.9,0.5,0.9,0,50,0
0.1,0.1,0.9,0.9,0.1,0,31,19
0.1,0.1,0.9,0.9,0.5,0,43,7
0.1,0.1,0.9,0.9,0.9,0,50,0
0.1,0.5,0.1,0.1,0.1,0,48,2
0.1,0.5,0.1,0.1,0.5,0,48,2
0.1,0.5,0.1,0.1,0.9,1,49,0
0.1,0.5,0.1,0.5,0.1,0,49,1
0.1,0.5,0.1,0.5,0.5,0,50,0
0.1,0.5,0.1,0.5,0.9,0,50,0
0.1,0.5,0.1,0.9,0.1,0,48,2
0.1,0.5,0.1,0.9,0.5,0,49,1
0.1,0.5,0.1,0.9,0.9,0,50,0
0.1,0.5,0.5,0.1,0.1,22,24,4
0.1,0.5,0.5,0.1,0.5,30,20,0
0.1,0.5,0.5,0.1,0.9,29,21,0
0.1,0.5,0.5,0.5,0.1,0,14,36
0.1,0.5,0.5,0.5,0.5,1,47,2
0.1,0.5,0.5,0.5,0.9,8,42,0
0.1,0.5,0.5,0.9,0.1,0,20,30
0.1,0.5,0.5,0.9,0.5,0,46,4
0.1,0.5,0.5,0.9,0.9,0,50,0
0.1,0.5,0.9,0.1,0.1,32,18,0
0.1,0.5,0.9,0.1,0.5,36,14,0
0.1,0.5,0.9,0.1,0.9,34,16,0
0.1,0.5,0.9,0.5,0.1,21,27,2
0.1,0.5,0.9,0.5,0.5,20,30,0
0.1,0.5,0.9,0.5,0.9,25,25,0
0.1,0.5,0.9,0.9,0.1,0,43,7
0.1,0.5,0.9,0.9,0.5,0,48,2
0.1,0.5,0.9,0.9,0.9,7,43,0
0.1,0.9,0.1,0.1,0.1,0,47,3
0.1,0.9,0.1,0.1,0.5,0,49,1
0.1,0.9,0.1,0.1,0.9,1,49,0
0.1,0.9,0.1,0.5,0.1,0,43,7
0.1,0.9,0.1,0.5,0.5,0,50,0
0.1,0.9,0.1,0.5,0.9,0,50,0
0.1,0.9,0.1,0.9,0.1,0,41,9
0.1,0.9,0.1,0.9,0.5,0,48,2
0.1,0.9,0.1,0.9,0.9,0,50,0
0.1,0.9,0.5,0.1,0.1,43,7,0
0.1,0.9,0.5,0.1,0.5,44,6,0
0.1,0.9,0.5,0.1,0.9,46,4,0
0.1,0.9,0.5,0.5,0.1,1,35,14
0.1,0.9,0.5,0.5,0.5,8,42,0
0.1,0.9,0.5,0.5,0.9,5,45,0
0.1,0.9,0.5,0.9,0.1,0,39,11
0.1,0.9,0.5,0.9,0.5,0,50,0
0.1,0.9,0.5,0.9,0.9,0,50,0
0.1,0.9,0.9,0.1,0.1,48,2,0
0.1,0.9,0.9,0.1,0.5,47,3,0
0.1,0.9,0.9,0.1,0.9,50,0,0
0.1,0.9,0.9,0.5,0.1,41,9,0
0.1,0.9,0.9,0.5,0.5,45,5,0
0.1,0.9,0.9,0.5,0.9,48,2,0
0.1,0.9,0.9,0.9,0.1,2,47,1
0.1,0.9,0.9,0.9,0.5,7,43,0
0.1,0.9,0.9,0.9,0.9,17,33,0
0.5,0.1,0.1,0.1,0.1,0,38,12
0.5,0.1,0.1,0.1,0.5,0,45,5
0.5,0.1,0.1,0.1,0.9,0,50,0
0.5,0.1,0.1,0.5,0.1,0,45,5
0.5,0.1,0.1,0.5,0.5,0,47,3
0.5,0.1,0.1,0.5,0.9,0,50,0
0.5,0.1,0.1,0.9,0.1,0,35,15
0.5,0.1,0.1,0.9,0.5,0,47,3
0.5,0.1,0.1,0.9,0.9,0,50,0
0.5,0.1,0.5,0.1,0.1,24,7,19
0.5,0.1,0.5,0.1,0.5,22,28,0
0.5,0.1,0.5,0.1,0.9,24,26,0
0.5,0.1,0.5,0.5,0.1,0,0,50
0.5,0.1,0.5,0.5,0.5,5,42,3
0.5,0.1,0.5,0.5,0.9,10,40,0
0.5,0.1,0.5,0.9,0.1,0,0,50
0.5,0.1,0.5,0.9,0.5,0,47,3
0.5,0.1,0.5,0.9,0.9,0,50,0
0.5,0.1,0.9,0.1,0.1,34,16,0
0.5,0.1,0.9,0.1,0.5,30,20,0
0.5,0.1,0.9,0.1,0.9,27,23,0
0.5,0.1,0.9,0.5,0.1,11,4,35
0.5,0.1,0.9,0.5,0.5,33,17,0
0.5,0.1,0.9,0.5,0.9,35,15,0
0.5,0.1,0.9,0.9,0.1,0,5,45
0.5,0.1,0.9,0.9,0.5,0,50,0
0.5,0.1,0.9,0.9,0.9,6,44,0
0.5,0.5,0.1,0.1,0.1,0,39,11
0.5,0.5,0.1,0.1,0.5,0,50,0
0.5,0.5,0.1,0.1,0.9,5,45,0
0.5,0.5,0.1,0.5,0.1,0,43,7
0.5,0.5,0.1,0.5,0.5,0,50,0
0.5,0.5,0.1,0.5,0.9,0,50,0
0.5,0.5,0.1,0.9,0.1,0,38,12
0.5,0.5,0.1,0.9,0.5,0,50,0
0.5,0.5,0.1,0.9,0.9,0,50,0
0.5,0.5,0.5,0.1,0.1,50,0,0
0.5,0.5,0.5,0.1,0.5,50,0,0
0.5,0.5,0.5,0.1,0.9,50,0,0
0.5,0.5,0.5,0.5,0.1,20,28,2
0.5,0.5,0.5,0.5,0.5,20,30,0
0.5,0.5,0.5,0.5,0.9,12,38,0
0.5,0.5,0.5,0.9,0.1,0,48,2
0.5,0.5,0.5,0.9,0.5,0,50,0
0.5,0.5,0.5,0.9,0.9,0,50,0
0.5,0.5,0.9,0.1,0.1,50,0,0
0.5,0.5,0.9,0.1,0.5,50,0,0
0.5,0.5,0.9,0.1,0.9,50,0,0
0.5,0.5,0.9,0.5,0.1,50,0,0
0.5,0.5,0.9,0.5,0.5,50,0,0
0.5,0.5,0.9,0.5,0.9,50,0,0
0.5,0.5,0.9,0.9,0.1,9,41,0
0.5,0.5,0.9,0.9,0.5,16,34,0
0.5,0.5,0.9,0.9,0.9,34,16,0
0.5,0.9,0.1,0.1,0.1,0,47,3
0.5,0.9,0.1,0.1,0.5,0,50,0
0.5,0.9,0.1,0.1,0.9,7,43,0
0.5,0.9,0.1,0.5,0.1,0,47,3
0.5,0.9,0.1,0.5,0.5,0,50,0
0.5,0.9,0.1,0.5,0.9,0,50,0
0.5,0.9,0.1,0.9,0.1,0,46,4
0.5,0.9,0.1,0.9,0.5,0,50,0
0.5,0.9,0.1,0.9,0.9,0,50,0
0.5,0.9,0.5,0.1,0.1,50,0,0
0.5,0.9,0.5,0.1,0.5,50,0,0
0.5,0.9,0.5,0.1,0.9,50,0,0
0.5,0.9,0.5,0.5,0.1,20,30,0
0.5,0.9,0.5,0.5,0.5,19,31,0
0.5,0.9,0.5,0.5,0.9,9,41,0
0.5,0.9,0.5,0.9,0.1,0,50,0
0.5,0.9,0.5,0.9,0.5,0,50,0
0.5,0.9,0.5,0.9,0.9,0,50,0
0.5,0.9,0.9,0.1,0.1,50,0,0
0.5,0.9,0.9,0.1,0.5,50,0,0
0.5,0.9,0.9,0.1,0.9,50,0,0
0.5,0.9,0.9,0.5,0.1,50,0,0
0.5,0.9,0.9,0.5,0.5,50,0,0
0.5,0.9,0.9,0.5,0.9,50,0,0
0.5,0.9,0.9,0.9,0.1,11,39,0
0.5,0.9,0.9,0.9,0.5,13,37,0
0.5,0.9,0.9,0.9,0.9,36,14,0
0.9,0.1,0.1,0.1,0.1,0,31,19
0.9,0.1,0.1,0.1,0.5,0,43,7
0.9,0.1,0.1,0.1,0.9,0,50,0
0.9,0.1,0.1,0.5,0.1,0,29,21
0.9,0.1,0.1,0.5,0.5,0,48,2
0.9,0.1,0.1,0.5,0.9,0,50,0
0.9,0.1,0.1,0.9,0.1,0,32,18
0.9,0.1,0.1,0.9,0.5,0,45,5
0.9,0.1,0.1,0.9,0.9,0,50,0
0.9,0.1,0.5,0.1,0.1,44,6,0
0.9,0.1,0.5,0.1,0.5,42,8,0
0.9,0.1,0.5,0.1,0.9,42,8,0
0.9,0.1,0.5,0.5,0.1,3,0,47
0.9,0.1,0.5,0.5,0.5,13,37,0
0.9,0.1,0.5,0.5,0.9,11,39,0
0.9,0.1,0.5,0.9,0.1,0,3,47
0.9,0.1,0.5,0.9,0.5,0,50,0
0.9,0.1,0.5,0.9,0.9,0,50,0
0.9,0.1,0.9,0.1,0.1,42,8,0
0.9,0.1,0.9,0.1,0.5,40,10,0
0.9,0.1,0.9,0.1,0.9,45,5,0
0.9,0.1,0.9,0.5,0.1,39,2,9
0.9,0.1,0.9,0.5,0.5,45,5,0
0.9,0.1,0.9,0.5,0.9,47,3,0
0.9,0.1,0.9,0.9,0.1,1,23,26
0.9,0.1,0.9,0.9,0.5,8,42,0
0.9,0.1,0.9,0.9,0.9,20,30,0
0.9,0.5,0.1,0.1,0.1,0,47,3
0.9,0.5,0.1,0.1,0.5,0,50,0
0.9,0.5,0.1,0.1,0.9,6,44,0
0.9,0.5,0.1,0.5,0.1,0,46,4
0.9,0.5,0.1,0.5,0.5,0,50,0
0.9,0.5,0.1,0.5,0.9,0,50,0
0.9,0.5,0.1,0.9,0.1,0,48,2
0.9,0.5,0.1,0.9,0.5,0,50,0
0.9,0.5,0.1,0.9,0.9,0,50,0
0.9,0.5,0.5,0.1,0.1,50,0,0
0.9,0.5,0.5,0.1,0.5,50,0,0
0.9,0.5,0.5,0.1,0.9,50,0,0
0.9,0.5,0.5,0.5,0.1,28,22,0
0.9,0.5,0.5,0.5,0.5,19,31,0
0.9,0.5,0.5,0.5,0.9,11,39,0
0.9,0.5,0.5,0.9,0.1,0,50,0
0.9,0.5,0.5,0.9,0.5,0,50,0
0.9,0.5,0.5,0.9,0.9,0,50,0
0.9,0.5,0.9,0.1,0.1,50,0,0
0.9,0.5,0.9,0.1,0.5,50,0,0
0.9,0.5,0.9,0.1,0.9,50,0,0
0.9,0.5,0.9,0.5,0.1,50,0,0
0.9,0.5,0.9,0.5,0.5,50,0,0
0.9,0.5,0.9,0.5,0.9,50,0,0
0.9,0.5,0.9,0.9,0.1,14,36,0
0.9,0.5,0.9,0.9,0.5,20,30,0
0.9,0.5,0.9,0.9,0.9,48,2,0
0.9,0.9,0.1,0.1,0.1,0,50,0
0.9,0.9,0.1,0.1,0.5,0,50,0
0.9,0.9,0.1,0.1,0.9,2,48,0
0.9,0.9,0.1,0.5,0.1,0,50,0
0.9,0.9,0.1,0.5,0.5,0,50,0
0.9,0.9,0.1,0.5,0.9,0,50,0
0.9,0.9,0.1,0.9,0.1,0,50,0
0.9,0.9,0.1,0.9,0.5,0,50,0
0.9,0.9,0.1,0.9,0.9,0,50,0
0.9,0.9,0.5,0.1,0.1,50,0,0
0.9,0.9,0.5,0.1,0.5,50,0,0
0.9,0.9,0.5,0.1,0.9,50,0,0
0.9,0.9,0.5,0.5,0.1,22,28,0
0.9,0.9,0.5,0.5,0.5,15,35,0
0.9,0.9,0.5,0.5,0.9,13,37,0
0.9,0.9,0.5,0.9,0.1,0,50,0
0.9,0.9,0.5,0.9,0.5,0,50,0
0.9,0.9,0.5,0.9,0.9,0,50,0
0.9,0.9,0.9,0.1,0.1,50,0,0
0.9,0.9,0.9,0.1,0.5,50,0,0
0.9,0.9,0.9,0.1,0.9,50,0,0
0.9,0.9,0.9,0.5,0.1,50,0,0
0.9,0.9,0.9,0.5,0.5,50,0,0
0.9,0.9,0.9,0.5,0.9,50,0,0
0.9,0.9,0.9,0.9,0.1,5,45,0
0.9,0.9,0.9,0.9,0.5,15,35,0
0.9,0.9,0.9,0.9,0.9,35,15,0
0.1,0.1,0.1,0.1,0.1,0,50,0
0.1,0.1,0.1,0.1,0.5,0,50,0
0.1,0.1,0.1,0.1,0.9,0,50,0
0.1,0.1,0.1,0.5,0.1,0,50,0
0.1,0.1,0.1,0.5,0.5,0,50,0
0.1,0.1,0.1,0.5,0.9,0,50,0
0.1,0.1,0.1,0.9,0.1,0,50,0
0.1,0.1,0.1,0.9,0.5,0,50,0
0.1,0.1,0.1,0.9,0.9,0,50,0
0.1,0.1,0.5,0.1,0.1,0,36,14
0.1,0.1,0.5,0.1,0.5,0,41,9
0.1,0.1,0.5,0.1,0.9,0,50,0
0.1,0.1,0.5,0.5,0.1,0,33,17
0.1,0.1,0.5,0.5,0.5,0,35,15
0.1,0.1,0.5,0.5,0.9,0,50,0
0.1,0.1,0.5,0.9,0.1,0,33,17
0.1,0.1,0.5,0.9,0.5,0,34,16
0.1,0.1,0.5,0.9,0.9,0,50,0
0.1,0.1,0.9,0.1,0.1,0,38,12
0.1,0.1,0.9,0.1,0.5,0,49,1
0.1,0.1,0.9,0.1,0.9,0,50,0
0.1,0.1,0.9,0.5,0.1,0,33,17
0.1,0.1,0.9,0.5,0.5,0,45,5
0.1,0.1,0.9,0.5,0.9,0,50,0
0.1,0.1,0.9,0.9,0.1,0,34,16
0.1,0.1,0.9,0.9,0.5,0,45,5
0.1,0.1,0.9,0.9,0.9,0,50,0
0.1,0.5,0.1,0.1,0.1,0,50,0
0.1,0.5,0.1,0.1,0.5,0,49,1
0.1,0.5,0.1,0.1,0.9,0,50,0
0.1,0.5,0.1,0.5,0.1,0,49,1
0.1,0.5,0.1,0.5,0.5,0,50,0
0.1,0.5,0.1,0.5,0.9,0,50,0
0.1,0.5,0.1,0.9,0.1,0,47,3
0.1,0.5,0.1,0.9,0.5,0,50,0
0.1,0.5,0.1,0.9,0.9,0,50,0
0.1,0.5,0.5,0.1,0.1,19,26,5
0.1,0.5,0.5,0.1,0.5,23,27,0
0.1,0.5,0.5,0.1,0.9,27,23,0
0.1,0.5,0.5,0.5,0.1,0,13,37
0.1,0.5,0.5,0.5,0.5,4,45,1
0.1,0.5,0.5,0.5,0.9,10,40,0
0.1,0.5,0.5,0.9,0.1,0,20,30
0.1,0.5,0.5,0.9,0.5,0,49,1
0.1,0.5,0.5,0.9,0.9,0,50,0
0.1,0.5,0.9,0.1,0.1,30,20,0
0.1,0.5,0.9,0.1,0.5,33,17,0
0.1,0.5,0.9,0.1,0.9,34,16,0
0.1,0.5,0.9,0.5,0.1,12,37,1
0.1,0.5,0.9,0.5,0.5,27,23,0
0.1,0.5,0.9,0.5,0.9,33,17,0
0.1,0.5,0.9,0.9,0.1,0,45,5
0.1,0.5,0.9,0.9,0.5,2,47,1
0.1,0.5,0.9,0.9,0.9,7,43,0
0.1,0.9,0.1,0.1,0.1,0,46,4
0.1,0.9,0.1,0.1,0.5,0,50,0
0.1,0.9,0.1,0.1,0.9,2,48,0
0.1,0.9,0.1,0.5,0.1,0,46,4
0.1,0.9,0.1,0.5,0.5,0,50,0
0.1,0.9,0.1,0.5,0.9,0,50,0
0.1,0.9,0.1,0.9,0.1,0,43,7
0.1,0.9,0.1,0.9,0.5,0,49,1
0.1,0.9,0.1,0.9,0.9,0,50,0
0.1,0.9,0.5,0.1,0.1,46,4,0
0.1,0.9,0.5,0.1,0.5,46,4,0
0.1,0.9,0.5,0.1,0.9,42,8,0
0.1,0.9,0.5,0.5,0.1,1,37,12
0.1,0.9,0.5,0.5,0.5,6,44,0
0.1,0.9,0.5,0.5,0.9,13,37,0
0.1,0.9,0.5,0.9,0.1,0,41,9
0.1,0.9,0.5,0.9,0.5,0,50,0
0.1,0.9,0.5,0.9,0.9,0,50,0
0.1,0.9,0.9,0.1,0.1,46,4,0
0.1,0.9,0.9,0.1,0.5,45,5,0
0.1,0.9,0.9,0.1,0.9,47,3,0
0.1,0.9,0.9,0.5,0.1,43,7,0
0.1,0.9,0.9,0.5,0.5,45,5,0
0.1,0.9,0.9,0.5,0.9,49,1,0
0.1,0.9,0.9,0.9,0.1,1,48,1
0.1,0.9,0.9,0.9,0.5,5,45,0
0.1,0.9,0.9,0.9,0.9,8,42,0
0.5,0.1,0.1,0.1,0.1,0,43,7
0.5,0.1,0.1,0.1,0.5,0,45,5
0.5,0.1,0.1,0.1,0.9,0,50,0
0.5,0.1,0.1,0.5,0.1,0,39,11
0.5,0.1,0.1,0.5,0.5,0,46,4
0.5,0.1,0.1,0.5,0.9,0,50,0
0.5,0.1,0.1,0.9,0.1,0,43,7
0.5,0.1,0.1,0.9,0.5,0,41,9
0.5,0.1,0.1,0.9,0.9,0,50,0
0.5,0.1,0.5,0.1,0.1,23,13,14
0.5,0.1,0.5,0.1,0.5,26,24,0
0.5,0.1,0.5,0.1,0.9,25,25,0
0.5,0.1,0.5,0.5,0.1,0,0,50
0.5,0.1,0.5,0.5,0.5,5,41,4
0.5,0.1,0.5,0.5,0.9,2,48,0
0.5,0.1,0.5,0.9,0.1,0,0,50
0.5,0.1,0.5,0.9,0.5,0,46,4
0.5,0.1,0.5,0.9,0.9,0,50,0
0.5,0.1,0.9,0.1,0.1,37,13,0
0.5,0.1,0.9,0.1,0.5,27,23,0
0.5,0.1,0.9,0.1,0.9,35,15,0
0.5,0.1,0.9,0.5,0.1,4,8,38
0.5,0.1,0.9,0.5,0.5,31,19,0
0.5,0.1,0.9,0.5,0.9,31,19,0
0.5,0.1,0.9,0.9,0.1,0,5,45
0.5,0.1,0.9,0.9,0.5,0,49,1
0.5,0.1,0.9,0.9,0.9,5,45,0
0.5,0.5,0.1,0.1,0.1,0,30,20
0.5,0.5,0.1,0.1,0.5,0,50,0
0.5,0.5,0.1,0.1,0.9,4,46,0
0.5,0.5,0.1,0.5,0.1,0,36,14
0.5,0.5,0.1,0.5,0.5,0,50,0
0.5,0.5,0.1,0.5,0.9,0,50,0
0.5,0.5,0.1,0.9,0.1,0,34,16
0.5,0.5,0.1,0.9,0.5,0,49,1
0.5,0.5,0.1,0.9,0.9,0,50,0
0.5,0.5,0.5,0.1,0.1,50,0,0
0.5,0.5,0.5,0.1,0.5,50,0,0
0.5,0.5,0.5,0.1,0.9,50,0,0
0.5,0.5,0.5,0.5,0.1,16,32,2
0.5,0.5,0.5,0.5,0.5,15,35,0
0.5,0.5,0.5,0.5,0.9,11,39,0
0.5,0.5,0.5,0.9,0.1,0,44,6
0.5,0.5,0.5,0.9,0.5,0,50,0
0.5,0.5,0.5,0.9,0.9,0,50,0
0.5,0.5,0.9,0.1,0.1,50,0,0
0.5,0.5,0.9,0.1,0.5,50,0,0
0.5,0.5,0.9,0.1,0.9,50,0,0
0.5,0.5,0.9,0.5,0.1,50,0,0
0.5,0.5,0.9,0.5,0.5,49,1,0
0.5,0.5,0.9,0.5,0.9,50,0,0
0.5,0.5,0.9,0.9,0.1,7,42,1
0.5,0.5,0.9,0.9,0.5,18,32,0
0.5,0.5,0.9,0.9,0.9,38,12,0
0.5,0.9,0.1,0.1,0.1,0,49,1
0.5,0.9,0.1,0.1,0.5,0,50,0
0.5,0.9,0.1,0.1,0.9,6,44,0
0.5,0.9,0.1,0.5,0.1,0,48,2
0.5,0.9,0.1,0.5,0.5,0,50,0
0.5,0.9,0.1,0.5,0.9,0,50,0
0.5,0.9,0.1,0.9,0.1,0,48,2
0.5,0.9,0.1,0.9,0.5,0,50,0
0.5,0.9,0.1,0.9,0.9,0,50,0
0.5,0.9,0.5,0.1,0.1,50,0,0
0.5,0.9,0.5,0.1,0.5,50,0,0
0.5,0.9,0.5,0.1,0.9,50,0,0
0.5,0.9,0.5,0.5,0.1,22,28,0
0.5,0.9,0.5,0.5,0.5,15,35,0
0.5,0.9,0.5,0.5,0.9,11,39,0
0.5,0.9,0.5,0.9,0.1,0,50,0
0.5,0.9,0.5,0.9,0.5,0,50,0
0.5,0.9,0.5,0.9,0.9,0,50,0
0.5,0.9,0.9,0.1,0.1,50,0,0
0.5,0.9,0.9,0.1,0.5,50,0,0
0.5,0.9,0.9,0.1,0.9,50,0,0
0.5,0.9,0.9,0.5,0.1,50,0,0
0.5,0.9,0.9,0.5,0.5,50,0,0
0.5,0.9,0.9,0.5,0.9,50,0,0
0.5,0.9,0.9,0.9,0.1,6,44,0
0.5,0.9,0.9,0.9,0.5,12,38,0
0.5,0.9,0.9,0.9,0.9,37,13,0
0.9,0.1,0.1,0.1,0.1,0,29,21
0.9,0.1,0.1,0.1,0.5,0,48,2
0.9,0.1,0.1,0.1,0.9,2,48,0
0.9,0.1,0.1,0.5,0.1,0,31,19
0.9,0.1,0.1,0.5,0.5,0,46,4
0.9,0.1,0.1,0.5,0.9,0,50,0
0.9,0.1,0.1,0.9,0.1,0,24,26
0.9,0.1,0.1,0.9,0.5,0,47,3
0.9,0.1,0.1,0.9,0.9,0,50,0
0.9,0.1,0.5,0.1,0.1,37,13,0
0.9,0.1,0.5,0.1,0.5,41,9,0
0.9,0.1,0.5,0.1,0.9,43,7,0
0.9,0.1,0.5,0.5,0.1,1,6,43
0.9,0.1,0.5,0.5,0.5,9,41,0
0.9,0.1,0.5,0.5,0.9,10,40,0
0.9,0.1,0.5,0.9,0.1,0,4,46
0.9,0.1,0.5,0.9,0.5,0,50,0
0.9,0.1,0.5,0.9,0.9,0,50,0
0.9,0.1,0.9,0.1,0.1,44,6,0
0.9,0.1,0.9,0.1,0.5,39,11,0
0.9,0.1,0.9,0.1,0.9,45,5,0
0.9,0.1,0.9,0.5,0.1,42,5,3
0.9,0.1,0.9,0.5,0.5,49,1,0
0.9,0.1,0.9,0.5,0.9,47,3,0
0.9,0.1,0.9,0.9,0.1,1,21,28
0.9,0.1,0.9,0.9,0.5,3,47,0
0.9,0.1,0.9,0.9,0.9,18,32,0
0.9,0.5,0.1,0.1,0.1,0,44,6
0.9,0.5,0.1,0.1,0.5,0,50,0
0.9,0.5,0.1,0.1,0.9,6,44,0
0.9,0.5,0.1,0.5,0.1,0,45,5
0.9,0.5,0.1,0.5,0.5,0,50,0
0.9,0.5,0.1,0.5,0.9,0,50,0
0.9,0.5,0.1,0.9,0.1,0,44,6
0.9,0.5,0.1,0.9,0.5,0,50,0
0.9,0.5,0.1,0.9,0.9,0,50,0
0.9,0.5,0.5,0.1,0.1,50,0,0
0.9,0.5,0.5,0.1,0.5,50,0,0
0.9,0.5,0.5,0.1,0.9,49,1,0
0.9,0.5,0.5,0.5,0.1,30,20,0
0.9,0.5,0.5,0.5,0.5,14,36,0
0.9,0.5,0.5,0.5,0.9,6,44,0
0.9,0.5,0.5,0.9,0.1,0,50,0
0.9,0.5,0.5,0.9,0.5,0,50,0
0.9,0.5,0.5,0.9,0.9,0,50,0
0.9,0.5,0.9,0.1,0.1,50,0,0
0.9,0.5,0.9,0.1,0.5,50,0,0
0.9,0.5,0.9,0.1,0.9,50,0,0
0.9,0.5,0.9,0.5,0.1,50,0,0
0.9,0.5,0.9,0.5,0.5,50,0,0
0.9,0.5,0.9,0.5,0.9,50,0,0
0.9,0.5,0.9,0.9,0.1,11,39,0
0.9,0.5,0.9,0.9,0.5,19,31,0
0.9,0.5,0.9,0.9,0.9,43,7,0
0.9,0.9,0.1,0.1,0.1,0,50,0
0.9,0.9,0.1,0.1,0.5,0,50,0
0.9,0.9,0.1,0.1,0.9,4,46,0
0.9,0.9,0.1,0.5,0.1,0,49,1
0.9,0.9,0.1,0.5,0.5,0,50,0
0.9,0.9,0.1,0.5,0.9,0,50,0
0.9,0.9,0.1,0.9,0.1,0,48,2
0.9,0.9,0.1,0.9,0.5,0,50,0
0.9,0.9,0.1,0.9,0.9,0,50,0
0.9,0.9,0.5,0.1,0.1,50,0,0
0.9,0.9,0.5,0.1,0.5,50,0,0
0.9,0.9,0.5,0.1,0.9,50,0,0
0.9,0.9,0.5,0.5,0.1,22,28,0
0.9,0.9,0.5,0.5,0.5,11,39,0
0.9,0.9,0.5,0.5,0.9,8,42,0
0.9,0.9,0.5,0.9,0.1,0,50,0
0.9,0.9,0.5,0.9,0.5,0,50,0
0.9,0.9,0.5,0.9,0.9,0,50,0
0.9,0.9,0.9,0.1,0.1,50,0,0
0.9,0.9,0.9,0.1,0.5,50,0,0
0.9,0.9,0.9,0.1,0.9,50,0,0
0.9,0.9,0.9,0.5,0.1,50,0,0
0.9,0.9,0.9,0.5,0.5,50,0,0
0.9,0.9,0.9,0.5,0.9,50,0,0
0.9,0.9,0.9,0.9,0.1,13,37,0
0.9,0.9,0.9,0.9,0.5,16,34,0
0.9,0.9,0.9,0.9,0.9,38,12,0
0.1,0.1,0.1,0.1,0.1,0,50,0
0.1,0.1,0.1,0.1,0.5,0,50,0
0.1,0.1,0.1,0.1,0.9,0,50,0
0.1,0.1,0.1,0.5,0.1,0,50,0
0.1,0.1,0.1,0.5,0.5,0,50,0
0.1,0.1,0.1,0.5,0.9,0,50,0
0.1,0.1,0.1,0.9,0.1,0,50,0
0.1,0.1,0.1,0.9,0.5,0,50,0
0.1,0.1,0.1,0.9,0.9,0,50,0
0.1,0.1,0.5,0.1,0.1,0,32,18
0.1,0.1,0.5,0.1,0.5,0,40,10
0.1,0.1,0.5,0.1,0.9,0,50,0
0.1,0.1,0.5,0.5,0.1,0,30,20
0.1,0.1,0.5,0.5,0.5,0,36,14
0.1,0.1,0.5,0.5,0.9,0,50,0
0.1,0.1,0.5,0.9,0.1,0,29,21
0.1,0.1,0.5,0.9,0.5,0,44,6
0.1,0.1,0.5,0.9,0.9,0,50,0
0.1,0.1,0.9,0.1,0.1,0,33,17
0.1,0.1,0.9,0.1,0.5,0,49,1
0.1,0.1,0.9,0.1,0.9,0,50,0
0.1,0.1,0.9,0.5,0.1,0,33,17
0.1,0.1,0.9,0.5,0.5,0,44,6
0.1,0.1,0.9,0.5,0.9,0,50,0
0.1,0.1,0.9,0.9,0.1,0,33,17
0.1,0.1,0.9,0.9,0.5,0,39,11
0.1,0.1,0.9,0.9,0.9,0,50,0
0.1,0.5,0.1,0.1,0.1,0,47,3
0.1,0.5,0.1,0.1,0.5,0,48,2
0.1,0.5,0.1,0.1,0.9,0,50,0
0.1,0.5,0.1,0.5,0.1,0,47,3
0.1,0.5,0.1,0.5,0.5,0,50,0
0.1,0.5,0.1,0.5,0.9,0,50,0
0.1,0.5,0.1,0.9,0.1,0,47,3
0.1,0.5,0.1,0.9,0.5,0,49,1
0.1,0.5,0.1,0.9,0.9,0,50,0
0.1,0.5,0.5,0.1,0.1,20,28,2
0.1,0.5,0.5,0.1,0.5,30,20,0
0.1,0.5,0.5,0.1,0.9,36,14,0
0.1,0.5,0.5,0.5,0.1,0,21,29
0.1,0.5,0.5,0.5,0.5,1,47,2
0.1,0.5,0.5,0.5,0.9,4,46,0
0.1,0.5,0.5,0.9,0.1,0,18,32
0.1,0.5,0.5,0.9,0.5,0,47,3
0.1,0.5,0.5,0.9,0.9,0,50,0
0.1,0.5,0.9,0.1,0.1,31,19,0
0.1,0.5,0.9,0.1,0.5,36,14,0
0.1,0.5,0.9,0.1,0.9,31,19,0
0.1,0.5,0.9,0.5,0.1,12,33,5
0.1,0.5,0.9,0.5,0.5,26,24,0
0.1,0.5,0.9,0.5,0.9,36,14,0
0.1,0.5,0.9,0.9,0.1,1,38,11
0.1,0.5,0.9,0.9,0.5,1,48,1
0.1,0.5,0.9,0.9,0.9,5,45,0
0.1,0.9,0.1,0.1,0.1,0,46,4
0.1,0.9,0.1,0.1,0.5,0,49,1
0.1,0.9,0.1,0.1,0.9,3,47,0
0.1,0.9,0.1,0.5,0.1,0,47,3
0.1,0.9,0.1,0.5,0.5,0,49,1
0.1,0.9,0.1,0.5,0.9,0,50,0
0.1,0.9,0.1,0.9,0.1,0,47,3
0.1,0.9,0.1,0.9,0.5,0,49,1
0.1,0.9,0.1,0.9,0.9,0,50,0
0.1,0.9,0.5,0.1,0.1,42,8,0
0.1,0.9,0.5,0.1,0.5,47,3,0
0.1,0.9,0.5,0.1,0.9,48,2,0
0.1,0.9,0.5,0.5,0.1,0,39,11
0.1,0.9,0.5,0.5,0.5,13,37,0
0.1,0.9,0.5,0.5,0.9,5,45,0
0.1,0.9,0.5,0.9,0.1,0,33,17
0.1,0.9,0.5,0.9,0.5,0,50,0
0.1,0.9,0.5,0.9,0.9,0,50,0
0.1,0.9,0.9,0.1,0.1,45,5,0
0.1,0.9,0.9,0.1,0.5,46,4,0
0.1,0.9,0.9,0.1,0.9,48,2,0
0.1,0.9,0.9,0.5,0.1,37,13,0
0.1,0.9,0.9,0.5,0.5,40,10,0
0.1,0.9,0.9,0.5,0.9,48,2,0
0.1,0.9,0.9,0.9,0.1,0,50,0
0.1,0.9,0.9,0.9,0.5,6,44,0
0.1,0.9,0.9,0.9,0.9,15,35,0
0.5,0.1,0.1,0.1,0.1,0,38,12
0.5,0.1,0.1,0.1,0.5,0,48,2
0.5,0.1,0.1,0.1,0.9,0,50,0
0.5,0.1,0.1,0.5,0.1,0,45,5
0.5,0.1,0.1,0.5,0.5,0,44,6
0.5,0.1,0.1,0.5,0.9,0,50,0
0.5,0.1,0.1,0.9,0.1,0,38,12
0.5,0.1,0.1,0.9,0.5,0,47,3
0.5,0.1,0.1,0.9,0.9,0,50,0
0.5,0.1,0.5,0.1,0.1,26,7,17
0.5,0.1,0.5,0.1,0.5,29,21,0
0.5,0.1,0.5,0.1,0.9,23,27,0
0.5,0.1,0.5,0.5,0.1,0,0,50
0.5,0.1,0.5,0.5,0.5,3,45,2
0.5,0.1,0.5,0.5,0.9,6,44,0
0.5,0.1,0.5,0.9,0.1,0,0,50
0.5,0.1,0.5,0.9,0.5,0,49,1
0.5,0.1,0.5,0.9,0.9,0,50,0
0.5,0.1,0.9,0.1,0.1,35,15,0
0.5,0.1,0.9,0.1,0.5,32,18,0
0.5,0.1,0.9,0.1,0.9,27,23,0
0.5,0.1,0.9,0.5,0.1,11,8,31
0.5,0.1,0.9,0.5,0.5,25,25,0
0.5,0.1,0.9,0.5,0.9,30,20,0
0.5,0.1,0.9,0.9,0.1,0,6,44
0.5,0.1,0.9,0.9,0.5,3,45,2
0.5,0.1,0.9,0.9,0.9,3,47,0
0.5,0.5,0.1,0.1,0.1,0,39,11
0.5,0.5,0.1,0.1,0.5,0,50,0
0.5,0.5,0.1,0.1,0.9,3,47,0
0.5,0.5,0.1,0.5,0.1,0,35,15
0.5,0.5,0.1,0.5,0.5,0,50,0
0.5,0.5,0.1,0.5,0.9,0,50,0
0.5,0.5,0.1,0.9,0.1,0,39,11
0.5,0.5,0.1,0.9,0.5,0,50,0
0.5,0.5,0.1,0.9,0.9,0,50,0
0.5,0.5,0.5,0.1,0.1,50,0,0
0.5,0.5,0.5,0.1,0.5,50,0,0
0.5,0.5,0.5,0.1,0.9,50,0,0
0.5,0.5,0.5,0.5,0.1,16,34,0
0.5,0.5,0.5,0.5,0.5,20,30,0
0.5,0.5,0.5,0.5,0.9,10,40,0
0.5,0.5,0.5,0.9,0.1,0,42,8
0.5,0.5,0.5,0.9,0.5,0,50,0
0.5,0.5,0.5,0.9,0.9,0,50,0
0.5,0.5,0.9,0.1,0.1,50,0,0
0.5,0.5,0.9,0.1,0.5,50,0,0
0.5,0.5,0.9,0.1,0.9,50,0,0
0.5,0.5,0.9,0.5,0.1,50,0,0
0.5,0.5,0.9,0.5,0.5,49,1,0
0.5,0.5,0.9,0.5,0.9,50,0,0
0.5,0.5,0.9,0.9,0.1,8,42,0
0.5,0.5,0.9,0.9,0.5,15,35,0
0.5,0.5,0.9,0.9,0.9,37,13,0
0.5,0.9,0.1,0.1,0.1,0,48,2
0.5,0.9,0.1,0.1,0.5,0,50,0
0.5,0.9,0.1,0.1,0.9,5,45,0
0.5,0.9,0.1,0.5,0.1,0,45,5
0.5,0.9,0.1,0.5,0.5,0,50,0
0.5,0.9,0.1,0.5,0.9,0,50,0
0.5,0.9,0.1,0.9,0.1,0,47,3
0.5,0.9,0.1,0.9,0.5,0,50,0
0.5,0.9,0.1,0.9,0.9,0,50,0
0.5,0.9,0.5,0.1,0.1,50,0,0
0.5,0.9,0.5,0.1,0.5,50,0,0
0.5,0.9,0.5,0.1,0.9,50,0,0
0.5,0.9,0.5,0.5,0.1,23,27,0
0.5,0.9,0.5,0.5,0.5,14,36,0
0.5,0.9,0.5,0.5,0.9,13,37,0
0.5,0.9,0.5,0.9,0.1,0,50,0
0.5,0.9,0.5,0.9,0.5,0,50,0
0.5,0.9,0.5,0.9,0.9,0,50,0
0.5,0.9,0.9,0.1,0.1,50,0,0
0.5,0.9,0.9,0.1,0.5,50,0,0
0.5,0.9,0.9,0.1,0.9,50,0,0
0.5,0.9,0.9,0.5,0.1,50,0,0
0.5,0.9,0.9,0.5,0.5,49,1,0
0.5,0.9,0.9,0.5,0.9,50,0,0
0.5,0.9,0.9,0.9,0.1,13,37,0
0.5,0.9,0.9,0.9,0.5,11,39,0
0.5,0.9,0.9,0.9,0.9,41,9,0
0.9,0.1,0.1,0.1,0.1,0,26,24
0.9,0.1,0.1,0.1,0.5,0,46,4
0.9,0.1,0.1,0.1,0.9,0,50,0
0.9,0.1,0.1,0.5,0.1,0,34,16
0.9,0.1,0.1,0.5,0.5,0,50,0
0.9,0.1,0.1,0.5,0.9,0,50,0
0.9,0.1,0.1,0.9,0.1,0,33,17
0.9,0.1,0.1,0.9,0.5,0,49,1
0.9,0.1,0.1,0.9,0.9,0,50,0
0.9,0.1,0.5,0.1,0.1,47,3,0
0.9,0.1,0.5,0.1,0.5,41,9,0
0.9,0.1,0.5,0.1,0.9,41,9,0
0.9,0.1,0.5,0.5,0.1,0,2,48
0.9,0.1,0.5,0.5,0.5,13,37,0
0.9,0.1,0.5,0.5,0.9,10,40,0
0.9,0.1,0.5,0.9,0.1,0,1,49
0.9,0.1,0.5,0.9,0.5,0,49,1
0.9,0.1,0.5,0.9,0.9,0,50,0
0.9,0.1,0.9,0.1,0.1,43,7,0
0.9,0.1,0.9,0.1,0.5,37,13,0
0.9,0.1,0.9,0.1,0.9,44,6,0
0.9,0.1,0.9,0.5,0.1,45,1,4
0.9,0.1,0.9,0.5,0.5,43,7,0
0.9,0.1,0.9,0.5,0.9,46,4,0
0.9,0.1,0.9,0.9,0.1,1,27,22
0.9,0.1,0.9,0.9,0.5,6,44,0
0.9,0.1,0.9,0.9,0.9,23,27,0
0.9,0.5,0.1,0.1,0.1,0,44,6
0.9,0.5,0.1,0.1,0.5,0,50,0
0.9,0.5,0.1,0.1,0.9,5,45,0
0.9,0.5,0.1,0.5,0.1,0,45,5
0.9,0.5,0.1,0.5,0.5,0,50,0
0.9,0.5,0.1,0.5,0.9,0,50,0
0.9,0.5,0.1,0.9,0.1,0,45,5
0.9,0.5,0.1,0.9,0.5,0,50,0
0.9,0.5,0.1,0.9,0.9,0,50,0
0.9,0.5,0.5,0.1,0.1,50,0,0
0.9,0.5,0.5,0.1,0.5,50,0,0
0.9,0.5,0.5,0.1,0.9,50,0,0
0.9,0.5,0.5,0.5,0.1,23,27,0
0.9,0.5,0.5,0.5,0.5,17,33,0
0.9,0.5,0.5,0.5,0.9,10,40,0
0.9,0.5,0.5,0.9,0.1,0,50,0
0.9,0.5,0.5,0.9,0.5,0,50,0
0.9,0.5,0.5,0.9,0.9,0,50,0
0.9,0.5,0.9,0.1,0.1,50,0,0
0.9,0.5,0.9,0.1,0.5,50,0,0
0.9,0.5,0.9,0.1,0.9,50,0,0
0.9,0.5,0.9,0.5,0.1,50,0,0
0.9,0.5,0.9,0.5,0.5,50,0,0
0.9,0.5,0.9,0.5,0.9,50,0,0
0.9,0.5,0.9,0.9,0.1,9,41,0
0.9,0.5,0.9,0.9,0.5,18,32,0
0.9,0.5,0.9,0.9,0.9,41,9,0
0.9,0.9,0.1,0.1,0.1,0,50,0
0.9,0.9,0.1,0.1,0.5,0,50,0
0.9,0.9,0.1,0.1,0.9,6,44,0
0.9,0.9,0.1,0.5,0.1,0,50,0
0.9,0.9,0.1,0.5,0.5,0,50,0
0.9,0.9,0.1,0.5,0.9,0,50,0
0.9,0.9,0.1,0.9,0.1,0,50,0
0.9,0.9,0.1,0.9,0.5,0,50,0
0.9,0.9,0.1,0.9,0.9,0,50,0
0.9,0.9,0.5,0.1,0.1,50,0,0
0.9,0.9,0.5,0.1,0.5,50,0,0
0.9,0.9,0.5,0.1,0.9,50,0,0
0.9,0.9,0.5,0.5,0.1,21,29,0
0.9,0.9,0.5,0.5,0.5,13,37,0
0.9,0.9,0.5,0.5,0.9,7,43,0
0.9,0.9,0.5,0.9,0.1,0,50,0
0.9,0.9,0.5,0.9,0.5,0,50,0
0.9,0.9,0.5,0.9,0.9,0,50,0
0.9,0.9,0.9,0.1,0.1,50,0,0
0.9,0.9,0.9,0.1,0.5,50,0,0
0.9,0.9,0.9,0.1,0.9,50,0,0
0.9,0.9,0.9,0.5,0.1,50,0,0
0.9,0.9,0.9,0.5,0.5,50,0,0
0.9,0.9,0.9,0.5,0.9,50,0,0
0.9,0.9,0.9,0.9,0.1,11,39,0
0.9,0.9,0.9,0.9,0.5,11,39,0
0.9,0.9,0.9,0.9,0.9,40,10,0
0.1,0.1,0.1,0.1,0.1,0,50,0
0.1,0.1,0.1,0.1,0.5,0,50,0
0.1,0.1,0.1,0.1,0.9,0,50,0
0.1,0.1,0.1,0.5,0.1,0,50,0
0.1,0.1,0.1,0.5,0.5,0,50,0
0.1,0.1,0.1,0.5,0.9,0,50,0
0.1,0.1,0.1,0.9,0.1,0,50,0
0.1,0.1,0.1,0.9,0.5,0,50,0
0.1,0.1,0.1,0.9,0.9,0,50,0
0.1,0.1,0.5,0.1,0.1,0,37,13
0.1,0.1,0.5,0.1,0.5,0,38,12
0.1,0.1,0.5,0.1,0.9,0,50,0
0.1,0.1,0.5,0.5,0.1,0,35,15
0.1,0.1,0.5,0.5,0.5,0,39,11
0.1,0.1,0.5,0.5,0.9,0,50,0
0.1,0.1,0.5,0.9,0.1,0,37,13
0.1,0.1,0.5,0.9,0.5,0,40,10
0.1,0.1,0.5,0.9,0.9,0,50,0
0.1,0.1,0.9,0.1,0.1,0,35,15
0.1,0.1,0.9,0.1,0.5,0,50,0
0.1,0.1,0.9,0.1,0.9,0,50,0
0.1,0.1,0.9,0.5,0.1,0,40,10
0.1,0.1,0.9,0.5,0.5,0,43,7
0.1,0.1,0.9,0.5,0.9,0,50,0
0.1,0.1,0.9,0.9,0.1,0,33,17
0.1,0.1,0.9,0.9,0.5,0,37,13
0.1,0.1,0.9,0.9,0.9,0,50,0
0.1,0.5,0.1,0.1,0.1,0,49,1
0.1,0.5,0.1,0.1,0.5,0,50,0
0.1,0.5,0.1,0.1,0.9,1,49,0
0.1,0.5,0.1,0.5,0.1,0,48,2
0.1,0.5,0.1,0.5,0.5,0,49,1
0.1,0.5,0.1,0.5,0.9,0,50,0
0.1,0.5,0.1,0.9,0.1,0,47,3
0.1,0.5,0.1,0.9,0.5,0,49,1
0.1,0.5,0.1,0.9,0.9,0,50,0
0.1,0.5,0.5,0.1,0.1,16,31,3
0.1,0.5,0.5,0.1,0.5,32,18,0
0.1,0.5,0.5,0.1,0.9,24,26,0
0.1,0.5,0.5,0.5,0.1,0,19,31
0.1,0.5,0.5,0.5,0.5,2,46,2
0.1,0.5,0.5,0.5,0.9,2,48,0
0.1,0.5,0.5,0.9,0.1,0,16,34
0.1,0.5,0.5,0.9,0.5,0,48,2
0.1,0.5,0.5,0.9,0.9,0,50,0
0.1,0.5,0.9,0.1,0.1,33,17,0
0.1,0.5,0.9,0.1,0.5,36,14,0
0.1,0.5,0.9,0.1,0.9,28,22,0
0.1,0.5,0.9,0.5,0.1,17,28,5
0.1,0.5,0.9,0.5,0.5,24,26,0
0.1,0.5,0.9,0.5,0.9,35,15,0
0.1,0.5,0.9,0.9,0.1,1,40,9
0.1,0.5,0.9,0.9,0.5,2,48,0
0.1,0.5,0.9,0.9,0.9,9,41,0
0.1,0.9,0.1,0.1,0.1,0,48,2
0.1,0.9,0.1,0.1,0.5,0,49,1
0.1,0.9,0.1,0.1,0.9,1,49,0
0.1,0.9,0.1,0.5,0.1,0,46,4
0.1,0.9,0.1,0.5,0.5,0,49,1
0.1,0.9,0.1,0.5,0.9,0,50,0
0.1,0.9,0.1,0.9,0.1,0,45,5
0.1,0.9,0.1,0.9,0.5,0,49,1
0.1,0.9,0.1,0.9,0.9,0,50,0
0.1,0.9,0.5,0.1,0.1,42,8,0
0.1,0.9,0.5,0.1,0.5,46,4,0
0.1,0.9,0.5,0.1,0.9,46,4,0
0.1,0.9,0.5,0.5,0.1,4,38,8
0.1,0.9,0.5,0.5,0.5,8,42,0
0.1,0.9,0.5,0.5,0.9,10,40,0
0.1,0.9,0.5,0.9,0.1,0,39,11
0.1,0.9,0.5,0.9,0.5,0,50,0
0.1,0.9,0.5,0.9,0.9,0,50,0
0.1,0.9,0.9,0.1,0.1,46,4,0
0.1,0.9,0.9,0.1,0.5,48,2,0
0.1,0.9,0.9,0.1,0.9,48,2,0
0.1,0.9,0.9,0.5,0.1,39,11,0
0.1,0.9,0.9,0.5,0.5,40,10,0
0.1,0.9,0.9,0.5,0.9,48,2,0
0.1,0.9,0.9,0.9,0.1,0,49,1
0.1,0.9,0.9,0.9,0.5,4,46,0
0.1,0.9,0.9,0.9,0.9,14,36,0
0.5,0.1,0.1,0.1,0.1,0,46,4
0.5,0.1,0.1,0.1,0.5,0,49,1
0.5,0.1,0.1,0.1,0.9,0,50,0
0.5,0.1,0.1,0.5,0.1,0,40,10
0.5,0.1,0.1,0.5,0.5,0,47,3
0.5,0.1,0.1,0.5,0.9,0,50,0
0.5,0.1,0.1,0.9,0.1,0,45,5
0.5,0.1,0.1,0.9,0.5,0,46,4
0.5,0.1,0.1,0.9,0.9,0,50,0
0.5,0.1,0.5,0.1,0.1,21,12,17
0.5,0.1,0.5,0.1,0.5,23,27,0
0.5,0.1,0.5,0.1,0.9,24,26,0
0.5,0.1,0.5,0.5,0.1,0,0,50
0.5,0.1,0.5,0.5,0.5,1,43,6
0.5,0.1,0.5,0.5,0.9,6,44,0
0.5,0.1,0.5,0.9,0.1,0,0,50
0.5,0.1,0.5,0.9,0.5,0,42,8
0.5,0.1,0.5,0.9,0.9,0,50,0
0.5,0.1,0.9,0.1,0.1,38,12,0
0.5,0.1,0.9,0.1,0.5,28,22,0
0.5,0.1,0.9,0.1,0.9,30,20,0
0.5,0.1,0.9,0.5,0.1,5,8,37
0.5,0.1,0.9,0.5,0.5,26,24,0
0.5,0.1,0.9,0.5,0.9,28,22,0
0.5,0.1,0.9,0.9,0.1,0,4,46
0.5,0.1,0.9,0.9,0.5,3,47,0
0.5,0.1,0.9,0.9,0.9,3,47,0
0.5,0.5,0.1,0.1,0.1,0,32,18
0.5,0.5,0.1,0.1,0.5,0,50,0
0.5,0.5,0.1,0.1,0.9,3,47,0
0.5,0.5,0.1,0.5,0.1,0,38,12
0.5,0.5,0.1,0.5,0.5,0,50,0
0.5,0.5,0.1,0.5,0.9,0,50,0
0.5,0.5,0.1,0.9,0.1,0,44,6
0.5,0.5,0.1,0.9,0.5,0,50,0
0.5,0.5,0.1,0.9,0.9,0,50,0
0.5,0.5,0.5,0.1,0.1,50,0,0
0.5,0.5,0.5,0.1,0.5,50,0,0
0.5,0.5,0.5,0.1,0.9,50,0,0
0.5,0.5,0.5,0.5,0.1,18,29,3
0.5,0.5,0.5,0.5,0.5,16,34,0
0.5,0.5,0.5,0.5,0.9,13,37,0
0.5,0.5,0.5,0.9,0.1,0,44,6
0.5,0.5,0.5,0.9,0.5,0,50,0
0.5,0.5,0.5,0.9,0.9,0,50,0
0.5,0.5,0.9,0.1,0.1,50,0,0
0.5,0.5,0.9,0.1,0.5,50,0,0
0.5,0.5,0.9,0.1,0.9,50,0,0
0.5,0.5,0.9,0.5,0.1,50,0,0
0.5,0.5,0.9,0.5,0.5,49,1,0
0.5,0.5,0.9,0.5,0.9,50,0,0
0.5,0.5,0.9,0.9,0.1,4,46,0
0.5,0.5,0.9,0.9,0.5,19,31,0
0.5,0.5,0.9,0.9,0.9,36,14,0
0.5,0.9,0.1,0.1,0.1,0,47,3
0.5,0.9,0.1,0.1,0.5,0,50,0
0.5,0.9,0.1,0.1,0.9,6,44,0
0.5,0.9,0.1,0.5,0.1,0,49,1
0.5,0.9,0.1,0.5,0.5,0,50,0
0.5,0.9,0.1,0.5,0.9,0,50,0
0.5,0.9,0.1,0.9,0.1,0,45,5
0.5,0.9,0.1,0.9,0.5,0,50,0
0.5,0.9,0.1,0.9,0.9,0,50,0
0.5,0.9,0.5,0.1,0.1,50,0,0
0.5,0.9,0.5,0.1,0.5,50,0,0
0.5,0.9,0.5,0.1,0.9,50,0,0
0.5,0.9,0.5,0.5,0.1,19,31,0
0.5,0.9,0.5,0.5,0.5,13,37,0
0.5,0.9,0.5,0.5,0.9,11,39,0
0.5,0.9,0.5,0.9,0.1,0,50,0
0.5,0.9,0.5,0.9,0.5,0,50,0
0.5,0.9,0.5,0.9,0.9,0,50,0
0.5,0.9,0.9,0.1,0.1,50,0,0
0.5,0.9,0.9,0.1,0.5,50,0,0
0.5,0.9,0.9,0.1,0.9,50,0,0
0.5,0.9,0.9,0.5,0.1,50,0,0
0.5,0.9,0.9,0.5,0.5,50,0,0
0.5,0.9,0.9,0.5,0.9,49,1,0
0.5,0.9,0.9,0.9,0.1,9,41,0
0.5,0.9,0.9,0.9,0.5,16,34,0
0.5,0.9,0.9,0.9,0.9,35,15,0
0.9,0.1,0.1,0.1,0.1,0,30,20
0.9,0.1,0.1,0.1,0.5,0,45,5
0.9,0.1,0.1,0.1,0.9,2,48,0
0.9,0.1,0.1,0.5,0.1,0,28,22
0.9,0.1,0.1,0.5,0.5,0,44,6
0.9,0.1,0.1,0.5,0.9,0,50,0
0.9,0.1,0.1,0.9,0.1,0,30,20
0.9,0.1,0.1,0.9,0.5,0,46,4
0.9,0.1,0.1,0.9,0.9,0,50,0
0.9,0.1,0.5,0.1,0.1,46,4,0
0.9,0.1,0.5,0.1,0.5,45,5,0
0.9,0.1,0.5,0.1,0.9,37,13,0
0.9,0.1,0.5,0.5,0.1,0,3,47
0.9,0.1,0.5,0.5,0.5,11,39,0
0.9,0.1,0.5,0.5,0.9,14,36,0
0.9,0.1,0.5,0.9,0.1,0,1,49
0.9,0.1,0.5,0.9,0.5,0,50,0
0.9,0.1,0.5,0.9,0.9,0,50,0
0.9,0.1,0.9,0.1,0.1,42,8,0
0.9,0.1,0.9,0.1,0.5,42,8,0
0.9,0.1,0.9,0.1,0.9,42,8,0
0.9,0.1,0.9,0.5,0.1,37,1,12
0.9,0.1,0.9,0.5,0.5,47,3,0
0.9,0.1,0.9,0.5,0.9,47,3,0
0.9,0.1,0.9,0.9,0.1,0,22,28
0.9,0.1,0.9,0.9,0.5,6,44,0
0.9,0.1,0.9,0.9,0.9,26,24,0
0.9,0.5,0.1,0.1,0.1,0,45,5
0.9,0.5,0.1,0.1,0.5,0,50,0
0.9,0.5,0.1,0.1,0.9,5,45,0
0.9,0.5,0.1,0.5,0.1,0,45,5
0.9,0.5,0.1,0.5,0.5,0,50,0
0.9,0.5,0.1,0.5,0.9,0,50,0
0.9,0.5,0.1,0.9,0.1,0,45,5
0.9,0.5,0.1,0.9,0.5,0,50,0
0.9,0.5,0.1,0.9,0.9,0,50,0
0.9,0.5,0.5,0.1,0.1,50,0,0
0.9,0.5,0.5,0.1,0.5,50,0,0
0.9,0.5,0.5,0.1,0.9,50,0,0
0.9,0.5,0.5,0.5,0.1,30,20,0
0.9,0.5,0.5,0.5,0.5,22,28,0
0.9,0.5,0.5,0.5,0.9,15,35,0
0.9,0.5,0.5,0.9,0.1,0,50,0
0.9,0.5,0.5,0.9,0.5,0,50,0
0.9,0.5,0.5,0.9,0.9,0,50,0
0.9,0.5,0.9,0.1,0.1,50,0,0
0.9,0.5,0.9,0.1,0.5,50,0,0
0.9,0.5,0.9,0.1,0.9,50,0,0
0.9,0.5,0.9,0.5,0.1,50,0,0
0.9,0.5,0.9,0.5,0.5,49,1,0
0.9,0.5,0.9,0.5,0.9,50,0,0
0.9,0.5,0.9,0.9,0.1,8,42,0
0.9,0.5,0.9,0.9,0.5,16,34,0
0.9,0.5,0.9,0.9,0.9,46,4,0
0.9,0.9,0.1,0.1,0.1,0,50,0
0.9,0.9,0.1,0.1,0.5,0,50,0
0.9,0.9,0.1,0.1,0.9,4,46,0
0.9,0.9,0.1,0.5,0.1,0,49,1
0.9,0.9,0.1,0.5,0.5,0,50,0
0.9,0.9,0.1,0.5,0.9,0,50,0
0.9,0.9,0.1,0.9,0.1,0,50,0
0.9,0.9,0.1,0.9,0.5,0,50,0
0.9,0.9,0.1,0.9,0.9,0,50,0
0.9,0.9,0.5,0.1,0.1,50,0,0
0.9,0.9,0.5,0.1,0.5,50,0,0
0.9,0.9,0.5,0.1,0.9,50,0,0
0.9,0.9,0.5,0.5,0.1,23,27,0
0.9,0.9,0.5,0.5,0.5,16,34,0
0.9,0.9,0.5,0.5,0.9,10,40,0
0.9,0.9,0.5,0.9,0.1,0,50,0
0.9,0.9,0.5,0.9,0.5,0,50,0
0.9,0.9,0.5,0.9,0.9,0,50,0
0.9,0.9,0.9,0.1,0.1,50,0,0
0.9,0.9,0.9,0.1,0.5,50,0,0
0.9,0.9,0.9,0.1,0.9,50,0,0
0.9,0.9,0.9,0.5,0.1,49,1,0
0.9,0.9,0.9,0.5,0.5,50,0,0
0.9,0.9,0.9,0.5,0.9,49,1,0
0.9,0.9,0.9,0.9,0.1,11,39,0
0.9,0.9,0.9,0.9,0.5,23,27,0
0.9,0.9,0.9,0.9,0.9,35,15,0
0.1,0.1,0.1,0.1,0.1,0,50,0
0.1,0.1,0.1,0.1,0.5,0,50,0
0.1,0.1,0.1,0.1,0.9,0,50,0
0.1,0.1,0.1,0.5,0.1,0,50,0
0.1,0.1,0.1,0.5,0.5,0,50,0
0.1,0.1,0.1,0.5,0.9,0,50,0
0.1,0.1,0.1,0.9,0.1,0,50,0
0.1,0.1,0.1,0.9,0.5,0,50,0
0.1,0.1,0.1,0.9,0.9,0,50,0
0.1,0.1,0.5,0.1,0.1,0,36,14
0.1,0.1,0.5,0.1,0.5,0,41,9
0.1,0.1,0.5,0.1,0.9,0,50,0
0.1,0.1,0.5,0.5,0.1,0,28,22
0.1,0.1,0.5,0.5,0.5,0,37,13
0.1,0.1,0.5,0.5,0.9,0,50,0
0.1,0.1,0.5,0.9,0.1,0,38,12
0.1,0.1,0.5,0.9,0.5,0,39,11
0.1,0.1,0.5,0.9,0.9,0,50,0
0.1,0.1,0.9,0.1,0.1,0,35,15
0.1,0.1,0.9,0.1,0.5,0,50,0
0.1,0.1,0.9,0.1,0.9,1,49,0
0.1,0.1,0.9,0.5,0.1,0,28,22
0.1,0.1,0.9,0.5,0.5,0,44,6
0.1,0.1,0.9,0.5,0.9,0,50,0
0.1,0.1,0.9,0.9,0.1,0,32,18
0.1,0.1,0.9,0.9,0.5,0,42,8
0.1,0.1,0.9,0.9,0.9,0,50,0
0.1,0.5,0.1,0.1,0.1,0,49,1
0.1,0.5,0.1,0.1,0.5,0,49,1
0.1,0.5,0.1,0.1,0.9,0,50,0
0.1,0.5,0.1,0.5,0.1,0,47,3
0.1,0.5,0.1,0.5,0.5,0,50,0
0.1,0.5,0.1,0.5,0.9,0,50,0
0.1,0.5,0.1,0.9,0.1,0,49,1
0.1,0.5,0.1,0.9,0.5,0,50,0
0.1,0.5,0.1,0.9,0.9,0,50,0
0.1,0.5,0.5,0.1,0.1,17,30,3
0.1,0.5,0.5,0.1,0.5,26,24,0
0.1,0.5,0.5,0.1,0.9,29,21,0
0.1,0.5,0.5,0.5,0.1,0,13,37
0.1,0.5,0.5,0.5,0.5,3,46,1
0.1,0.5,0.5,0.5,0.9,4,46,0
0.1,0.5,0.5,0.9,0.1,0,19,31
0.1,0.5,0.5,0.9,0.5,0,48,2
0.1,0.5,0.5,0.9,0.9,0,50,0
0.1,0.5,0.9,0.1,0.1,26,24,0
0.1,0.5,0.9,0.1,0.5,32,18,0
0.1,0.5,0.9,0.1,0.9,28,22,0
0.1,0.5,0.9,0.5,0.1,20,25,5
0.1,0.5,0.9,0.5,0.5,30,20,0
0.1,0.5,0.9,0.5,0.9,39,11,0
0.1,0.5,0.9,0.9,0.1,0,39,11
0.1,0.5,0.9,0.9,0.5,0,50,0
0.1,0.5,0.9,0.9,0.9,7,43,0
0.1,0.9,0.1,0.1,0.1,0,45,5
0.1,0.9,0.1,0.1,0.5,0,49,1
0.1,0.9,0.1,0.1,0.9,3,47,0
0.1,0.9,0.1,0.5,0.1,0,46,4
0.1,0.9,0.1,0.5,0.5,0,49,1
0.1,0.9,0.1,0.5,0.9,0,50,0
0.1,0.9,0.1,0.9,0.1,0,45,5
0.1,0.9,0.1,0.9,0.5,0,48,2
0.1,0.9,0.1,0.9,0.9,0,50,0
0.1,0.9,0.5,0.1,0.1,40,10,0
0.1,0.9,0.5,0.1,0.5,42,8,0
0.1,0.9,0.5,0.1,0.9,45,5,0
0.1,0.9,0.5,0.5,0.1,3,35,12
0.1,0.9,0.5,0.5,0.5,6,44,0
0.1,0.9,0.5,0.5,0.9,8,42,0
0.1,0.9,0.5,0.9,0.1,0,45,5
0.1,0.9,0.5,0.9,0.5,0,50,0
0.1,0.9,0.5,0.9,0.9,0,50,0
0.1,0.9,0.9,0.1,0.1,43,7,0
0.1,0.9,0.9,0.1,0.5,47,3,0
0.1,0.9,0.9,0.1,0.9,48,2,0
0.1,0.9,0.9,0.5,0.1,42,8,0
0.1,0.9,0.9,0.5,0.5,46,4,0
0.1,0.9,0.9,0.5,0.9,49,1,0
0.1,0.9,0.9,0.9,0.1,3,47,0
0.1,0.9,0.9,0.9,0.5,3,46,1
0.1,0.9,0.9,0.9,0.9,11,39,0
0.5,0.1,0.1,0.1,0.1,0,48,2
0.5,0.1,0.1,0.1,0.5,0,48,2
0.5,0.1,0.1,0.1,0.9,0,50,0
0.5,0.1,0.1,0.5,0.1,0,41,9
0.5,0.1,0.1,0.5,0.5,0,46,4
0.5,0.1,0.1,0.5,0.9,0,50,0
0.5,0.1,0.1,0.9,0.1,0,44,6
0.5,0.1,0.1,0.9,0.5,0,50,0
0.5,0.1,0.1,0.9,0.9,0,50,0
0.5,0.1,0.5,0.1,0.1,28,10,12
0.5,0.1,0.5,0.1,0.5,22,28,0
0.5,0.1,0.5,0.1,0.9,25,25,0
0.5,0.1,0.5,0.5,0.1,0,0,50
0.5,0.1,0.5,0.5,0.5,0,45,5
0.5,0.1,0.5,0.5,0.9,7,43,0
0.5,0.1,0.5,0.9,0.1,0,0,50
0.5,0.1,0.5,0.9,0.5,0,44,6
0.5,0.1,0.5,0.9,0.9,0,50,0
0.5,0.1,0.9,0.1,0.1,39,11,0
0.5,0.1,0.9,0.1,0.5,22,28,0
0.5,0.1,0.9,0.1,0.9,27,23,0
0.5,0.1,0.9,0.5,0.1,4,7,39
0.5,0.1,0.9,0.5,0.5,27,23,0
0.5,0.1,0.9,0.5,0.9,22,28,0
0.5,0.1,0.9,0.9,0.1,0,3,47
0.5,0.1,0.9,0.9,0.5,2,48,0
0.5,0.1,0.9,0.9,0.9,9,41,0
0.5,0.5,0.1,0.1,0.1,0,38,12
0.5,0.5,0.1,0.1,0.5,0,50,0
0.5,0.5,0.1,0.1,0.9,2,48,0
0.5,0.5,0.1,0.5,0.1,0,36,14
0.5,0.5,0.1,0.5,0.5,0,50,0
0.5,0.5,0.1,0.5,0.9,0,50,0
0.5,0.5,0.1,0.9,0.1,0,36,14
0.5,0.5,0.1,0.9,0.5,0,50,0
0.5,0.5,0.1,0.9,0.9,0,50,0
0.5,0.5,0.5,0.1,0.1,50,0,0
0.5,0.5,0.5,0.1,0.5,50,0,0
0.5,0.5,0.5,0.1,0.9,49,1,0
0.5,0.5,0.5,0.5,0.1,24,21,5
0.5,0.5,0.5,0.5,0.5,14,36,0
0.5,0.5,0.5,0.5,0.9,13,37,0
0.5,0.5,0.5,0.9,0.1,0,47,3
0.5,0.5,0.5,0.9,0.5,0,50,0
0.5,0.5,0.5,0.9,0.9,0,50,0
0.5,0.5,0.9,0.1,0.1,50,0,0
0.5,0.5,0.9,0.1,0.5,50,0,0
0.5,0.5,0.9,0.1,0.9,50,0,0
0.5,0.5,0.9,0.5,0.1,50,0,0
0.5,0.5,0.9,0.5,0.5,50,0,0
0.5,0.5,0.9,0.5,0.9,50,0,0
0.5,0.5,0.9,0.9,0.1,8,42,0
0.5,0.5,0.9,0.9,0.5,19,31,0
0.5,0.5,0.9,0.9,0.9,37,13,0
0.5,0.9,0.1,0.1,0.1,0,45,5
0.5,0.9,0.1,0.1,0.5,0,50,0
0.5,0.9,0.1,0.1,0.9,3,47,0
0.5,0.9,0.1,0.5,0.1,0,47,3
0.5,0.9,0.1,0.5,0.5,0,50,0
0.5,0.9,0.1,0.5,0.9,0,50,0
0.5,0.9,0.1,0.9,0.1,0,50,0
0.5,0.9,0.1,0.9,0.5,0,50,0
0.5,0.9,0.1,0.9,0.9,0,50,0
0.5,0.9,0.5,0.1,0.1,50,0,0
0.5,0.9,0.5,0.1,0.5,50,0,0
0.5,0.9,0.5,0.1,0.9,50,0,0
0.5,0.9,0.5,0.5,0.1,18,32,0
0.5,0.9,0.5,0.5,0.5,16,34,0
0.5,0.9,0.5,0.5,0.9,12,38,0
0.5,0.9,0.5,0.9,0.1,0,50,0
0.5,0.9,0.5,0.9,0.5,0,50,0
0.5,0.9,0.5,0.9,0.9,0,50,0
0.5,0.9,0.9,0.1,0.1,50,0,0
0.5,0.9,0.9,0.1,0.5,50,0,0
0.5,0.9,0.9,0.1,0.9,50,0,0
0.5,0.9,0.9,0.5,0.1,50,0,0
0.5,0.9,0.9,0.5,0.5,50,0,0
0.5,0.9,0.9,0.5,0.9,50,0,0
0.5,0.9,0.9,0.9,0.1,9,41,0
0.5,0.9,0.9,0.9,0.5,17,33,0
0.5,0.9,0.9,0.9,0.9,34,16,0
0.9,0.1,0.1,0.1,0.1,0,29,21
0.9,0.1,0.1,0.1,0.5,0,47,3
0.9,0.1,0.1,0.1,0.9,0,50,0
0.9,0.1,0.1,0.5,0.1,0,33,17
0.9,0.1,0.1,0.5,0.5,0,44,6
0.9,0.1,0.1,0.5,0.9,0,50,0
0.9,0.1,0.1,0.9,0.1,0,24,26
0.9,0.1,0.1,0.9,0.5,0,45,5
0.9,0.1,0.1,0.9,0.9,0,50,0
0.9,0.1,0.5,0.1,0.1,44,6,0
0.9,0.1,0.5,0.1,0.5,42,8,0
0.9,0.1,0.5,0.1,0.9,40,10,0
0.9,0.1,0.5,0.5,0.1,0,3,47
0.9,0.1,0.5,0.5,0.5,15,35,0
0.9,0.1,0.5,0.5,0.9,11,39,0
0.9,0.1,0.5,0.9,0.1,0,1,49
0.9,0.1,0.5,0.9,0.5,0,50,0
0.9,0.1,0.5,0.9,0.9,0,50,0
0.9,0.1,0.9,0.1,0.1,45,5,0
0.9,0.1,0.9,0.1,0.5,40,10,0
0.9,0.1,0.9,0.1,0.9,39,11,0
0.9,0.1,0.9,0.5,0.1,37,4,9
0.9,0.1,0.9,0.5,0.5,49,1,0
0.9,0.1,0.9,0.5,0.9,46,4,0
0.9,0.1,0.9,0.9,0.1,0,20,30
0.9,0.1,0.9,0.9,0.5,7,43,0
0.9,0.1,0.9,0.9,0.9,22,28,0
0.9,0.5,0.1,0.1,0.1,0,46,4
0.9,0.5,0.1,0.1,0.5,0,50,0
0.9,0.5,0.1,0.1,0.9,12,38,0
0.9,0.5,0.1,0.5,0.1,0,44,6
0.9,0.5,0.1,0.5,0.5,0,50,0
0.9,0.5,0.1,0.5,0.9,0,50,0
0.9,0.5,0.1,0.9,0.1,0,46,4
0.9,0.5,0.1,0.9,0.5,0,50,0
0.9,0.5,0.1,0.9,0.9,0,50,0
0.9,0.5,0.5,0.1,0.1,50,0,0
0.9,0.5,0.5,0.1,0.5,50,0,0
0.9,0.5,0.5,0.1,0.9,50,0,0
0.9,0.5,0.5,0.5,0.1,24,26,0
0.9,0.5,0.5,0.5,0.5,15,35,0
0.9,0.5,0.5,0.5,0.9,13,37,0
0.9,0.5,0.5,0.9,0.1,0,50,0
0.9,0.5,0.5,0.9,0.5,0,50,0
0.9,0.5,0.5,0.9,0.9,0,50,0
0.9,0.5,0.9,0.1,0.1,50,0,0
0.9,0.5,0.9,0.1,0.5,50,0,0
0.9,0.5,0.9,0.1,0.9,50,0,0
0.9,0.5,0.9,0.5,0.1,49,1,0
0.9,0.5,0.9,0.5,0.5,49,1,0
0.9,0.5,0.9,0.5,0.9,50,0,0
0.9,0.5,0.9,0.9,0.1,7,43,0
0.9,0.5,0.9,0.9,0.5,22,28,0
0.9,0.5,0.9,0.9,0.9,41,9,0
0.9,0.9,0.1,0.1,0.1,0,50,0
0.9,0.9,0.1,0.1,0.5,0,50,0
0.9,0.9,0.1,0.1,0.9,3,47,0
0.9,0.9,0.1,0.5,0.1,0,49,1
0.9,0.9,0.1,0.5,0.5,0,50,0
0.9,0.9,0.1,0.5,0.9,0,50,0
0.9,0.9,0.1,0.9,0.1,0,50,0
0.9,0.9,0.1,0.9,0.5,0,50,0
0.9,0.9,0.1,0.9,0.9,0,50,0
0.9,0.9,0.5,0.1,0.1,50,0,0
0.9,0.9,0.5,0.1,0.5,50,0,0
0.9,0.9,0.5,0.1,0.9,50,0,0
0.9,0.9,0.5,0.5,0.1,18,32,0
0.9,0.9,0.5,0.5,0.5,13,37,0
0.9,0.9,0.5,0.5,0.9,11,39,0
0.9,0.9,0.5,0.9,0.1,0,50,0
0.9,0.9,0.5,0.9,0.5,0,50,0
0.9,0.9,0.5,0.9,0.9,0,50,0
0.9,0.9,0.9,0.1,0.1,50,0,0
0.9,0.9,0.9,0.1,0.5,50,0,0
0.9,0.9,0.9,0.1,0.9,50,0,0
0.9,0.9,0.9,0.5,0.1,50,0,0
0.9,0.9,0.9,0.5,0.5,49,1,0
0.9,0.9,0.9,0.5,0.9,50,0,0
0.9,0.9,0.9,0.9,0.1,13,37,0
0.9,0.9,0.9,0.9,0.5,17,33,0
0.9,0.9,0.9,0.9,0.9,40,10,0
0.1,0.1,0.1,0.1,0.1,0,50,0
0.1,0.1,0.1,0.1,0.5,0,50,0
0.1,0.1,0.1,0.1,0.9,0,50,0
0.1,0.1,0.1,0.5,0.1,0,50,0
0.1,0.1,0.1,0.5,0.5,0,50,0
0.1,0.1,0.1,0.5,0.9,0,50,0
0.1,0.1,0.1,0.9,0.1,0,50,0
0.1,0.1,0.1,0.9,0.5,0,50,0
0.1,0.1,0.1,0.9,0.9,0,50,0
0.1,0.1,0.5,0.1,0.1,0,33,17
0.1,0.1,0.5,0.1,0.5,0,38,12
0.1,0.1,0.5,0.1,0.9,0,50,0
0.1,0.1,0.5,0.5,0.1,0,34,16
0.1,0.1,0.5,0.5,0.5,0,39,11
0.1,0.1,0.5,0.5,0.9,0,50,0
0.1,0.1,0.5,0.9,0.1,0,36,14
0.1,0.1,0.5,0.9,0.5,0,34,16
0.1,0.1,0.5,0.9,0.9,0,50,0
0.1,0.1,0.9,0.1,0.1,0,34,16
0.1,0.1,0.9,0.1,0.5,1,48,1
0.1,0.1,0.9,0.1,0.9,0,50,0
0.1,0.1,0.9,0.5,0.1,0,35,15
0.1,0.1,0.9,0.5,0.5,0,38,12
0.1,0.1,0.9,0.5,0.9,0,50,0
0.1,0.1,0.9,0.9,0.1,0,33,17
0.1,0.1,0.9,0.9,0.5,0,44,6
0.1,0.1,0.9,0.9,0.9,0,50,0
0.1,0.5,0.1,0.1,0.1,0,48,2
0.1,0.5,0.1,0.1,0.5,0,49,1
0.1,0.5,0.1,0.1,0.9,0,50,0
0.1,0.5,0.1,0.5,0.1,0,48,2
0.1,0.5,0.1,0.5,0.5,0,49,1
0.1,0.5,0.1,0.5,0.9,0,50,0
0.1,0.5,0.1,0.9,0.1,0,47,3
0.1,0.5,0.1,0.9,0.5,0,49,1
0.1,0.5,0.1,0.9,0.9,0,50,0
0.1,0.5,0.5,0.1,0.1,19,27,4
0.1,0.5,0.5,0.1,0.5,26,24,0
0.1,0.5,0.5,0.1,0.9,29,21,0
0.1,0.5,0.5,0.5,0.1,0,21,29
0.1,0.5,0.5,0.5,0.5,1,49,0
0.1,0.5,0.5,0.5,0.9,3,47,0
0.1,0.5,0.5,0.9,0.1,0,16,34
0.1,0.5,0.5,0.9,0.5,0,49,1
0.1,0.5,0.5,0.9,0.9,0,50,0
0.1,0.5,0.9,0.1,0.1,27,23,0
0.1,0.5,0.9,0.1,0.5,30,20,0
0.1,0.5,0.9,0.1,0.9,33,17,0
0.1,0.5,0.9,0.5,0.1,12,33,5
0.1,0.5,0.9,0.5,0.5,20,30,0
0.1,0.5,0.9,0.5,0.9,33,17,0
0.1,0.5,0.9,0.9,0.1,0,41,9
0.1,0.5,0.9,0.9,0.5,0,50,0
0.1,0.5,0.9,0.9,0.9,9,41,0
0.1,0.9,0.1,0.1,0.1,0,45,5
0.1,0.9,0.1,0.1,0.5,0,50,0
0.1,0.9,0.1,0.1,0.9,1,49,0
0.1,0.9,0.1,0.5,0.1,0,45,5
0.1,0.9,0.1,0.5,0.5,0,50,0
0.1,0.9,0.1,0.5,0.9,0,50,0
0.1,0.9,0.1,0.9,0.1,0,45,5
0.1,0.9,0.1,0.9,0.5,0,50,0
0.1,0.9,0.1,0.9,0.9,0,50,0
0.1,0.9,0.5,0.1,0.1,42,8,0
0.1,0.9,0.5,0.1,0.5,46,4,0
0.1,0.9,0.5,0.1,0.9,42,8,0
0.1,0.9,0.5,0.5,0.1,2,43,5
0.1,0.9,0.5,0.5,0.5,7,43,0
0.1,0.9,0.5,0.5,0.9,8,42,0
0.1,0.9,0.5,0.9,0.1,0,39,11
0.1,0.9,0.5,0.9,0.5,0,50,0
0.1,0.9,0.5,0.9,0.9,0,50,0
0.1,0.9,0.9,0.1,0.1,44,6,0
0.1,0.9,0.9,0.1,0.5,47,3,0
0.1,0.9,0.9,0.1,0.9,46,4,0
0.1,0.9,0.9,0.5,0.1,44,6,0
0.1,0.9,0.9,0.5,0.5,43,7,0
0.1,0.9,0.9,0.5,0.9,48,2,0
0.1,0.9,0.9,0.9,0.1,2,47,1
0.1,0.9,0.9,0.9,0.5,5,44,1
0.1,0.9,0.9,0.9,0.9,11,39,0
0.5,0.1,0.1,0.1,0.1,0,35,15
0.5,0.1,0.1,0.1,0.5,0,48,2
0.5,0.1,0.1,0.1,0.9,0,50,0
0.5,0.1,0.1,0.5,0.1,0,45,5
0.5,0.1,0.1,0.5,0.5,0,47,3
0.5,0.1,0.1,0.5,0.9,0,50,0
0.5,0.1,0.1,0.9,0.1,0,38,12
0.5,0.1,0.1,0.9,0.5,0,46,4
0.5,0.1,0.1,0.9,0.9,0,50,0
0.5,0.1,0.5,0.1,0.1,28,11,11
0.5,0.1,0.5,0.1,0.5,30,20,0
0.5,0.1,0.5,0.1,0.9,25,25,0
0.5,0.1,0.5,0.5,0.1,0,0,50
0.5,0.1,0.5,0.5,0.5,3,45,2
0.5,0.1,0.5,0.5,0.9,5,45,0
0.5,0.1,0.5,0.9,0.1,0,0,50
0.5,0.1,0.5,0.9,0.5,0,46,4
0.5,0.1,0.5,0.9,0.9,0,50,0
0.5,0.1,0.9,0.1,0.1,36,14,0
0.5,0.1,0.9,0.1,0.5,30,20,0
0.5,0.1,0.9,0.1,0.9,28,22,0
0.5,0.1,0.9,0.5,0.1,9,6,35
0.5,0.1,0.9,0.5,0.5,30,20,0
0.5,0.1,0.9,0.5,0.9,34,16,0
0.5,0.1,0.9,0.9,0.1,0,2,48
0.5,0.1,0.9,0.9,0.5,3,47,0
0.5,0.1,0.9,0.9,0.9,3,47,0
0.5,0.5,0.1,0.1,0.1,0,35,15
0.5,0.5,0.1,0.1,0.5,0,50,0
0.5,0.5,0.1,0.1,0.9,6,44,0
0.5,0.5,0.1,0.5,0.1,0,42,8
0.5,0.5,0.1,0.5,0.5,0,50,0
0.5,0.5,0.1,0.5,0.9,0,50,0
0.5,0.5,0.1,0.9,0.1,0,36,14
0.5,0.5,0.1,0.9,0.5,0,50,0
0.5,0.5,0.1,0.9,0.9,0,50,0
0.5,0.5,0.5,0.1,0.1,50,0,0
0.5,0.5,0.5,0.1,0.5,50,0,0
0.5,0.5,0.5,0.1,0.9,49,1,0
0.5,0.5,0.5,0.5,0.1,23,25,2
0.5,0.5,0.5,0.5,0.5,12,38,0
0.5,0.5,0.5,0.5,0.9,9,41,0
0.5,0.5,0.5,0.9,0.1,0,45,5
0.5,0.5,0.5,0.9,0.5,0,50,0
0.5,0.5,0.5,0.9,0.9,0,50,0
0.5,0.5,0.9,0.1,0.1,50,0,0
0.5,0.5,0.9,0.1,0.5,50,0,0
0.5,0.5,0.9,0.1,0.9,50,0,0
0.5,0.5,0.9,0.5,0.1,50,0,0
0.5,0.5,0.9,0.5,0.5,49,1,0
0.5,0.5,0.9,0.5,0.9,50,0,0
0.5,0.5,0.9,0.9,0.1,7,42,1
0.5,0.5,0.9,0.9,0.5,14,36,0
0.5,0.5,0.9,0.9,0.9,35,15,0
0.5,0.9,0.1,0.1,0.1,0,49,1
0.5,0.9,0.1,0.1,0.5,0,50,0
0.5,0.9,0.1,0.1,0.9,5,45,0
0.5,0.9,0.1,0.5,0.1,0,46,4
0.5,0.9,0.1,0.5,0.5,0,50,0
0.5,0.9,0.1,0.5,0.9,0,50,0
0.5,0.9,0.1,0.9,0.1,0,48,2
0.5,0.9,0.1,0.9,0.5,0,50,0
0.5,0.9,0.1,0.9,0.9,0,50,0
0.5,0.9,0.5,0.1,0.1,50,0,0
0.5,0.9,0.5,0.1,0.5,50,0,0
0.5,0.9,0.5,0.1,0.9,50,0,0
0.5,0.9,0.5,0.5,0.1,18,32,0
0.5,0.9,0.5,0.5,0.5,17,33,0
0.5,0.9,0.5,0.5,0.9,13,37,0
0.5,0.9,0.5,0.9,0.1,0,50,0
0.5,0.9,0.5,0.9,0.5,0,50,0
0.5,0.9,0.5,0.9,0.9,0,50,0
0.5,0.9,0.9,0.1,0.1,50,0,0
0.5,0.9,0.9,0.1,0.5,50,0,0
0.5,0.9,0.9,0.1,0.9,50,0,0
0.5,0.9,0.9,0.5,0.1,50,0,0
0.5,0.9,0.9,0.5,0.5,50,0,0
0.5,0.9,0.9,0.5,0.9,50,0,0
0.5,0.9,0.9,0.9,0.1,9,41,0
0.5,0.9,0.9,0.9,0.5,8,42,0
0.5,0.9,0.9,0.9,0.9,41,9,0
0.9,0.1,0.1,0.1,0.1,0,35,15
0.9,0.1,0.1,0.1,0.5,0,46,4
0.9,0.1,0.1,0.1,0.9,1,49,0
0.9,0.1,0.1,0.5,0.1,0,31,19
0.9,0.1,0.1,0.5,0.5,0,46,4
0.9,0.1,0.1,0.5,0.9,0,50,0
0.9,0.1,0.1,0.9,0.1,0,32,18
0.9,0.1,0.1,0.9,0.5,0,44,6
0.9,0.1,0.1,0.9,0.9,0,50,0
0.9,0.1,0.5,0.1,0.1,41,9,0
0.9,0.1,0.5,0.1,0.5,41,9,0
0.9,0.1,0.5,0.1,0.9,44,6,0
0.9,0.1,0.5,0.5,0.1,0,4,46
0.9,0.1,0.5,0.5,0.5,17,33,0
0.9,0.1,0.5,0.5,0.9,11,39,0
0.9,0.1,0.5,0.9,0.1,0,1,49
0.9,0.1,0.5,0.9,0.5,0,50,0
0.9,0.1,0.5,0.9,0.9,0,50,0
0.9,0.1,0.9,0.1,0.1,43,7,0
0.9,0.1,0.9,0.1,0.5,42,8,0
0.9,0.1,0.9,0.1,0.9,40,10,0
0.9,0.1,0.9,0.5,0.1,45,3,2
0.9,0.1,0.9,0.5,0.5,48,2,0
0.9,0.1,0.9,0.5,0.9,48,2,0
0.9,0.1,0.9,0.9,0.1,0,24,26
0.9,0.1,0.9,0.9,0.5,9,41,0
0.9,0.1,0.9,0.9,0.9,18,32,0
0.9,0.5,0.1,0.1,0.1,0,49,1
0.9,0.5,0.1,0.1,0.5,0,50,0
0.9,0.5,0.1,0.1,0.9,5,45,0
0.9,0.5,0.1,0.5,0.1,0,43,7
0.9,0.5,0.1,0.5,0.5,0,50,0
0.9,0.5,0.1,0.5,0.9,0,50,0
0.9,0.5,0.1,0.9,0.1,0,48,2
0.9,0.5,0.1,0.9,0.5,0,50,0
0.9,0.5,0.1,0.9,0.9,0,50,0
0.9,0.5,0.5,0.1,0.1,50,0,0
0.9,0.5,0.5,0.1,0.5,50,0,0
0.9,0.5,0.5,0.1,0.9,50,0,0
0.9,0.5,0.5,0.5,0.1,26,24,0
0.9,0.5,0.5,0.5,0.5,15,35,0
0.9,0.5,0.5,0.5,0.9,10,40,0
0.9,0.5,0.5,0.9,0.1,0,50,0
0.9,0.5,0.5,0.9,0.5,0,50,0
0.9,0.5,0.5,0.9,0.9,0,50,0
0.9,0.5,0.9,0.1,0.1,50,0,0
0.9,0.5,0.9,0.1,0.5,50,0,0
0.9,0.5,0.9,0.1,0.9,50,0,0
0.9,0.5,0.9,0.5,0.1,50,0,0
0.9,0.5,0.9,0.5,0.5,50,0,0
0.9,0.5,0.9,0.5,0.9,50,0,0
0.9,0.5,0.9,0.9,0.1,9,41,0
0.9,0.5,0.9,0.9,0.5,21,29,0
0.9,0.5,0.9,0.9,0.9,41,9,0
0.9,0.9,0.1,0.1,0.1,0,50,0
0.9,0.9,0.1,0.1,0.5,0,50,0
0.9,0.9,0.1,0.1,0.9,3,47,0
0.9,0.9,0.1,0.5,0.1,0,50,0
0.9,0.9,0.1,0.5,0.5,0,50,0
0.9,0.9,0.1,0.5,0.9,0,50,0
0.9,0.9,0.1,0.9,0.1,0,49,1
0.9,0.9,0.1,0.9,0.5,0,50,0
0.9,0.9,0.1,0.9,0.9,0,50,0
0.9,0.9,0.5,0.1,0.1,50,0,0
0.9,0.9,0.5,0.1,0.5,50,0,0
0.9,0.9,0.5,0.1,0.9,50,0,0
0.9,0.9,0.5,0.5,0.1,17,33,0
0.9,0.9,0.5,0.5,0.5,17,33,0
0.9,0.9,0.5,0.5,0.9,10,40,0
0.9,0.9,0.5,0.9,0.1,0,50,0
0.9,0.9,0.5,0.9,0.5,0,50,0
0.9,0.9,0.5,0.9,0.9,1,49,0
0.9,0.9,0.9,0.1,0.1,50,0,0
0.9,0.9,0.9,0.1,0.5,50,0,0
0.9,0.9,0.9,0.1,0.9,50,0,0
0.9,0.9,0.9,0.5,0.1,50,0,0
0.9,0.9,0.9,0.5,0.5,50,0,0
0.9,0.9,0.9,0.5,0.9,50,0,0
0.9,0.9,0.9,0.9,0.1,8,42,0
0.9,0.9,0.9,0.9,0.5,9,41,0
0.9,0.9,0.9,0.9,0.9,38,12,0
0.1,0.1,0.1,0.1,0.1,0,50,0
0.1,0.1,0.1,0.1,0.5,0,50,0
0.1,0.1,0.1,0.1,0.9,0,50,0
0.1,0.1,0.1,0.5,0.1,0,50,0
0.1,0.1,0.1,0.5,0.5,0,50,0
0.1,0.1,0.1,0.5,0.9,0,50,0
0.1,0.1,0.1,0.9,0.1,0,50,0
0.1,0.1,0.1,0.9,0.5,0,50,0
0.1,0.1,0.1,0.9,0.9,0,50,0
0.1,0.1,0.5,0.1,0.1,0,32,18
0.1,0.1,0.5,0.1,0.5,0,42,8
0.1,0.1,0.5,0.1,0.9,0,50,0
0.1,0.1,0.5,0.5,0.1,0,39,11
0.1,0.1,0.5,0.5,0.5,0,40,10
0.1,0.1,0.5,0.5,0.9,0,50,0
0.1,0.1,0.5,0.9,0.1,0,37,13
0.1,0.1,0.5,0.9,0.5,0,32,18
0.1,0.1,0.5,0.9,0.9,0,50,0
0.1,0.1,0.9,0.1,0.1,0,33,17
0.1,0.1,0.9,0.1,0.5,0,50,0
0.1,0.1,0.9,0.1,0.9,1,49,0
0.1,0.1,0.9,0.5,0.1,0,34,16
0.1,0.1,0.9,0.5,0.5,0,40,10
0.1,0.1,0.9,0.5,0.9,0,50,0
0.1,0.1,0.9,0.9,0.1,0,29,21
0.1,0.1,0.9,0.9,0.5,0,42,8
0.1,0.1,0.9,0.9,0.9,0,50,0
0.1,0.5,0.1,0.1,0.1,0,47,3
0.1,0.5,0.1,0.1,0.5,0,50,0
0.1,0.5,0.1,0.1,0.9,0,50,0
0.1,0.5,0.1,0.5,0.1,0,48,2
0.1,0.5,0.1,0.5,0.5,0,50,0
0.1,0.5,0.1,0.5,0.9,0,50,0
0.1,0.5,0.1,0.9,0.1,0,49,1
0.1,0.5,0.1,0.9,0.5,0,48,2
0.1,0.5,0.1,0.9,0.9,0,50,0
0.1,0.5,0.5,0.1,0.1,22,26,2
0.1,0.5,0.5,0.1,0.5,23,27,0
0.1,0.5,0.5,0.1,0.9,25,25,0
0.1,0.5,0.5,0.5,0.1,0,17,33
0.1,0.5,0.5,0.5,0.5,6,43,1
0.1,0.5,0.5,0.5,0.9,4,46,0
0.1,0.5,0.5,0.9,0.1,0,20,30
0.1,0.5,0.5,0.9,0.5,0,47,3
0.1,0.5,0.5,0.9,0.9,0,50,0
0.1,0.5,0.9,0.1,0.1,35,15,0
0.1,0.5,0.9,0.1,0.5,34,16,0
0.1,0.5,0.9,0.1,0.9,30,20,0
0.1,0.5,0.9,0.5,0.1,19,28,3
0.1,0.5,0.9,0.5,0.5,32,18,0
0.1,0.5,0.9,0.5,0.9,31,19,0
0.1,0.5,0.9,0.9,0.1,0,43,7
0.1,0.5,0.9,0.9,0.5,1,49,0
0.1,0.5,0.9,0.9,0.9,5,45,0
0.1,0.9,0.1,0.1,0.1,0,46,4
0.1,0.9,0.1,0.1,0.5,0,50,0
0.1,0.9,0.1,0.1,0.9,2,48,0
0.1,0.9,0.1,0.5,0.1,0,45,5
0.1,0.9,0.1,0.5,0.5,0,50,0
0.1,0.9,0.1,0.5,0.9,0,50,0
0.1,0.9,0.1,0.9,0.1,0,44,6
0.1,0.9,0.1,0.9,0.5,0,50,0
0.1,0.9,0.1,0.9,0.9,0,50,0
0.1,0.9,0.5,0.1,0.1,42,8,0
0.1,0.9,0.5,0.1,0.5,43,7,0
0.1,0.9,0.5,0.1,0.9,46,4,0
0.1,0.9,0.5,0.5,0.1,6,37,7
0.1,0.9,0.5,0.5,0.5,9,41,0
0.1,0.9,0.5,0.5,0.9,16,34,0
0.1,0.9,0.5,0.9,0.1,0,35,15
0.1,0.9,0.5,0.9,0.5,0,50,0
0.1,0.9,0.5,0.9,0.9,0,50,0
0.1,0.9,0.9,0.1,0.1,49,1,0
0.1,0.9,0.9,0.1,0.5,46,4,0
0.1,0.9,0.9,0.1,0.9,48,2,0
0.1,0.9,0.9,0.5,0.1,45,5,0
0.1,0.9,0.9,0.5,0.5,42,8,0
0.1,0.9,0.9,0.5,0.9,49,1,0
0.1,0.9,0.9,0.9,0.1,0,50,0
0.1,0.9,0.9,0.9,0.5,5,45,0
0.1,0.9,0.9,0.9,0.9,15,35,0
0.5,0.1,0.1,0.1,0.1,0,41,9
0.5,0.1,0.1,0.1,0.5,0,49,1
0.5,0.1,0.1,0.1,0.9,0,50,0
0.5,0.1,0.1,0.5,0.1,0,37,13
0.5,0.1,0.1,0.5,0.5,0,46,4
0.5,0.1,0.1,0.5,0.9,0,50,0
0.5,0.1,0.1,0.9,0.1,0,43,7
0.5,0.1,0.1,0.9,0.5,0,47,3
0.5,0.1,0.1,0.9,0.9,0,50,0
0.5,0.1,0.5,0.1,0.1,26,10,14
0.5,0.1,0.5,0.1,0.5,26,24,0
0.5,0.1,0.5,0.1,0.9,20,30,0
0.5,0.1,0.5,0.5,0.1,0,0,50
0.5,0.1,0.5,0.5,0.5,0,49,1
0.5,0.1,0.5,0.5,0.9,1,49,0
0.5,0.1,0.5,0.9,0.1,0,0,50
0.5,0.1,0.5,0.9,0.5,0,46,4
0.5,0.1,0.5,0.9,0.9,0,50,0
0.5,0.1,0.9,0.1,0.1,37,13,0
0.5,0.1,0.9,0.1,0.5,25,25,0
0.5,0.1,0.9,0.1,0.9,29,21,0
0.5,0.1,0.9,0.5,0.1,10,6,34
0.5,0.1,0.9,0.5,0.5,24,26,0
0.5,0.1,0.9,0.5,0.9,29,21,0
0.5,0.1,0.9,0.9,0.1,0,6,44
0.5,0.1,0.9,0.9,0.5,0,50,0
0.5,0.1,0.9,0.9,0.9,2,48,0
0.5,0.5,0.1,0.1,0.1,1,31,18
0.5,0.5,0.1,0.1,0.5,0,50,0
0.5,0.5,0.1,0.1,0.9,6,44,0
0.5,0.5,0.1,0.5,0.1,0,38,12
0.5,0.5,0.1,0.5,0.5,0,50,0
0.5,0.5,0.1,0.5,0.9,0,50,0
0.5,0.5,0.1,0.9,0.1,0,40,10
0.5,0.5,0.1,0.9,0.5,0,50,0
0.5,0.5,0.1,0.9,0.9,0,50,0
0.5,0.5,0.5,0.1,0.1,50,0,0
0.5,0.5,0.5,0.1,0.5,50,0,0
0.5,0.5,0.5,0.1,0.9,50,0,0
0.5,0.5,0.5,0.5,0.1,17,30,3
0.5,0.5,0.5,0.5,0.5,14,36,0
0.5,0.5,0.5,0.5,0.9,13,37,0
0.5,0.5,0.5,0.9,0.1,0,48,2
0.5,0.5,0.5,0.9,0.5,0,50,0
0.5,0.5,0.5,0.9,0.9,0,50,0
0.5,0.5,0.9,0.1,0.1,50,0,0
0.5,0.5,0.9,0.1,0.5,50,0,0
0.5,0.5,0.9,0.1,0.9,50,0,0
0.5,0.5,0.9,0.5,0.1,50,0,0
0.5,0.5,0.9,0.5,0.5,49,1,0
0.5,0.5,0.9,0.5,0.9,50,0,0
0.5,0.5,0.9,0.9,0.1,5,45,0
0.5,0.5,0.9,0.9,0.5,20,30,0
0.5,0.5,0.9,0.9,0.9,39,11,0
0.5,0.9,0.1,0.1,0.1,0,47,3
0.5,0.9,0.1,0.1,0.5,0,50,0
0.5,0.9,0.1,0.1,0.9,3,47,0
0.5,0.9,0.1,0.5,0.1,0,48,2
0.5,0.9,0.1,0.5,0.5,0,50,0
0.5,0.9,0.1,0.5,0.9,0,50,0
0.5,0.9,0.1,0.9,0.1,0,50,0
0.5,0.9,0.1,0.9,0.5,0,50,0
0.5,0.9,0.1,0.9,0.9,0,50,0
0.5,0.9,0.5,0.1,0.1,50,0,0
0.5,0.9,0.5,0.1,0.5,50,0,0
0.5,0.9,0.5,0.1,0.9,50,0,0
0.5,0.9,0.5,0.5,0.1,23,27,0
0.5,0.9,0.5,0.5,0.5,21,29,0
0.5,0.9,0.5,0.5,0.9,8,42,0
0.5,0.9,0.5,0.9,0.1,0,50,0
0.5,0.9,0.5,0.9,0.5,0,50,0
0.5,0.9,0.5,0.9,0.9,0,50,0
0.5,0.9,0.9,0.1,0.1,50,0,0
0.5,0.9,0.9,0.1,0.5,50,0,0
0.5,0.9,0.9,0.1,0.9,50,0,0
0.5,0.9,0.9,0.5,0.1,49,1,0
0.5,0.9,0.9,0.5,0.5,50,0,0
0.5,0.9,0.9,0.5,0.9,50,0,0
0.5,0.9,0.9,0.9,0.1,7,43,0
0.5,0.9,0.9,0.9,0.5,15,35,0
0.5,0.9,0.9,0.9,0.9,34,16,0
0.9,0.1,0.1,0.1,0.1,0,24,26
0.9,0.1,0.1,0.1,0.5,0,45,5
0.9,0.1,0.1,0.1,0.9,0,50,0
0.9,0.1,0.1,0.5,0.1,0,30,20
0.9,0.1,0.1,0.5,0.5,0,49,1
0.9,0.1,0.1,0.5,0.9,0,50,0
0.9,0.1,0.1,0.9,0.1,0,35,15
0.9,0.1,0.1,0.9,0.5,0,43,7
0.9,0.1,0.1,0.9,0.9,0,50,0
0.9,0.1,0.5,0.1,0.1,46,4,0
0.9,0.1,0.5,0.1,0.5,42,8,0
0.9,0.1,0.5,0.1,0.9,42,8,0
0.9,0.1,0.5,0.5,0.1,0,2,48
0.9,0.1,0.5,0.5,0.5,10,40,0
0.9,0.1,0.5,0.5,0.9,12,38,0
0.9,0.1,0.5,0.9,0.1,0,2,48
0.9,0.1,0.5,0.9,0.5,0,50,0
0.9,0.1,0.5,0.9,0.9,0,50,0
0.9,0.1,0.9,0.1,0.1,42,8,0
0.9,0.1,0.9,0.1,0.5,43,7,0
0.9,0.1,0.9,0.1,0.9,40,10,0
0.9,0.1,0.9,0.5,0.1,42,2,6
0.9,0.1,0.9,0.5,0.5,45,5,0
0.9,0.1,0.9,0.5,0.9,49,1,0
0.9,0.1,0.9,0.9,0.1,0,29,21
0.9,0.1,0.9,0.9,0.5,9,41,0
0.9,0.1,0.9,0.9,0.9,13,37,0
0.9,0.5,0.1,0.1,0.1,0,47,3
0.9,0.5,0.1,0.1,0.5,0,50,0
0.9,0.5,0.1,0.1,0.9,1,49,0
0.9,0.5,0.1,0.5,0.1,0,45,5
0.9,0.5,0.1,0.5,0.5,0,50,0
0.9,0.5,0.1,0.5,0.9,0,50,0
0.9,0.5,0.1,0.9,0.1,0,44,6
0.9,0.5,0.1,0.9,0.5,0,50,0
0.9,0.5,0.1,0.9,0.9,0,50,0
0.9,0.5,0.5,0.1,0.1,50,0,0
0.9,0.5,0.5,0.1,0.5,50,0,0
0.9,0.5,0.5,0.1,0.9,50,0,0
0.9,0.5,0.5,0.5,0.1,25,25,0
0.9,0.5,0.5,0.5,0.5,15,35,0
0.9,0.5,0.5,0.5,0.9,9,41,0
0.9,0.5,0.5,0.9,0.1,0,50,0
0.9,0.5,0.5,0.9,0.5,0,50,0
0.9,0.5,0.5,0.9,0.9,0,50,0
0.9,0.5,0.9,0.1,0.1,50,0,0
0.9,0.5,0.9,0.1,0.5,50,0,0
0.9,0.5,0.9,0.1,0.9,50,0,0
0.9,0.5,0.9,0.5,0.1,50,0,0
0.9,0.5,0.9,0.5,0.5,50,0,0
0.9,0.5,0.9,0.5,0.9,50,0,0
0.9,0.5,0.9,0.9,0.1,9,41,0
0.9,0.5,0.9,0.9,0.5,22,28,0
0.9,0.5,0.9,0.9,0.9,47,3,0
0.9,0.9,0.1,0.1,0.1,0,49,1
0.9,0.9,0.1,0.1,0.5,0,50,0
0.9,0.9,0.1,0.1,0.9,4,46,0
0.9,0.9,0.1,0.5,0.1,0,50,0
0.9,0.9,0.1,0.5,0.5,0,50,0
0.9,0.9,0.1,0.5,0.9,0,50,0
0.9,0.9,0.1,0.9,0.1,0,50,0
0.9,0.9,0.1,0.9,0.5,0,50,0
0.9,0.9,0.1,0.9,0.9,0,50,0
0.9,0.9,0.5,0.1,0.1,50,0,0
0.9,0.9,0.5,0.1,0.5,50,0,0
0.9,0.9,0.5,0.1,0.9,50,0,0
0.9,0.9,0.5,0.5,0.1,21,29,0
0.9,0.9,0.5,0.5,0.5,17,33,0
0.9,0.9,0.5,0.5,0.9,13,37,0
0.9,0.9,0.5,0.9,0.1,0,50,0
0.9,0.9,0.5,0.9,0.5,0,50,0
0.9,0.9,0.5,0.9,0.9,0,50,0
0.9,0.9,0.9,0.1,0.1,50,0,0
0.9,0.9,0.9,0.1,0.5,50,0,0
0.9,0.9,0.9,0.1,0.9,50,0,0
0.9,0.9,0.9,0.5,0.1,50,0,0
0.9,0.9,0.9,0.5,0.5,48,2,0
0.9,0.9,0.9,0.5,0.9,50,0,0
0.9,0.9,0.9,0.9,0.1,15,35,0
0.9,0.9,0.9,0.9,0.5,13,37,0
0.9,0.9,0.9,0.9,0.9,41,9,0
0.1,0.1,0.1,0.1,0.1,0,50,0
0.1,0.1,0.1,0.1,0.5,0,50,0
0.1,0.1,0.1,0.1,0.9,0,50,0
0.1,0.1,0.1,0.5,0.1,0,50,0
0.1,0.1,0.1,0.5,0.5,0,50,0
0.1,0.1,0.1,0.5,0.9,0,50,0
0.1,0.1,0.1,0.9,0.1,0,50,0
0.1,0.1,0.1,0.9,0.5,0,50,0
0.1,0.1,0.1,0.9,0.9,0,50,0
0.1,0.1,0.5,0.1,0.1,0,39,11
0.1,0.1,0.5,0.1,0.5,0,34,16
0.1,0.1,0.5,0.1,0.9,0,50,0
0.1,0.1,0.5,0.5,0.1,0,34,16
0.1,0.1,0.5,0.5,0.5,0,35,15
0.1,0.1,0.5,0.5,0.9,0,50,0
0.1,0.1,0.5,0.9,0.1,0,29,21
0.1,0.1,0.5,0.9,0.5,0,42,8
0.1,0.1,0.5,0.9,0.9,0,50,0
0.1,0.1,0.9,0.1,0.1,0,28,22
0.1,0.1,0.9,0.1,0.5,0,45,5
0.1,0.1,0.9,0.1,0.9,0,50,0
0.1,0.1,0.9,0.5,0.1,0,36,14
0.1,0.1,0.9,0.5,0.5,0,45,5
0.1,0.1,0.9,0.5,0.9,1,49,0
0.1,0.1,0.9,0.9,0.1,0,32,18
0.1,0.1,0.9,0.9,0.5,0,41,9
0.1,0.1,0.9,0.9,0.9,0,50,0
0.1,0.5,0.1,0.1,0.1,0,46,4
0.1,0.5,0.1,0.1,0.5,0,46,4
0.1,0.5,0.1,0.1,0.9,1,49,0
0.1,0.5,0.1,0.5,0.1,0,48,2
0.1,0.5,0.1,0.5,0.5,0,49,1
0.1,0.5,0.1,0.5,0.9,0,50,0
0.1,0.5,0.1,0.9,0.1,0,48,2
0.1,0.5,0.1,0.9,0.5,0,50,0
0.1,0.5,0.1,0.9,0.9,0,50,0
0.1,0.5,0.5,0.1,0.1,20,28,2
0.1,0.5,0.5,0.1,0.5,24,26,0
0.1,0.5,0.5,0.1,0.9,26,24,0
0.1,0.5,0.5,0.5,0.1,0,19,31
0.1,0.5,0.5,0.5,0.5,2,47,1
0.1,0.5,0.5,0.5,0.9,8,42,0
0.1,0.5,0.5,0.9,0.1,0,17,33
0.1,0.5,0.5,0.9,0.5,0,48,2
0.1,0.5,0.5,0.9,0.9,0,50,0
0.1,0.5,0.9,0.1,0.1,37,13,0
0.1,0.5,0.9,0.1,0.5,22,28,0
0.1,0.5,0.9,0.1,0.9,26,24,0
0.1,0.5,0.9,0.5,0.1,19,29,2
0.1,0.5,0.9,0.5,0.5,27,23,0
0.1,0.5,0.9,0.5,0.9,29,21,0
0.1,0.5,0.9,0.9,0.1,0,38,12
0.1,0.5,0.9,0.9,0.5,0,50,0
0.1,0.5,0.9,0.9,0.9,6,44,0
0.1,0.9,0.1,0.1,0.1,0,47,3
0.1,0.9,0.1,0.1,0.5,0,49,1
0.1,0.9,0.1,0.1,0.9,2,48,0
0.1,0.9,0.1,0.5,0.1,0,45,5
0.1,0.9,0.1,0.5,0.5,0,46,4
0.1,0.9,0.1,0.5,0.9,0,50,0
0.1,0.9,0.1,0.9,0.1,0,47,3
0.1,0.9,0.1,0.9,0.5,0,49,1
0.1,0.9,0.1,0.9,0.9,0,50,0
0.1,0.9,0.5,0.1,0.1,44,6,0
0.1,0.9,0.5,0.1,0.5,41,9,0
0.1,0.9,0.5,0.1,0.9,44,6,0
0.1,0.9,0.5,0.5,0.1,0,37,13
0.1,0.9,0.5,0.5,0.5,7,43,0
0.1,0.9,0.5,0.5,0.9,10,40,0
0.1,0.9,0.5,0.9,0.1,0,39,11
0.1,0.9,0.5,0.9,0.5,0,49,1
0.1,0.9,0.5,0.9,0.9,0,50,0
0.1,0.9,0.9,0.1,0.1,45,5,0
0.1,0.9,0.9,0.1,0.5,46,4,0
0.1,0.9,0.9,0.1,0.9,49,1,0
0.1,0.9,0.9,0.5,0.1,40,10,0
0.1,0.9,0.9,0.5,0.5,41,9,0
0.1,0.9,0.9,0.5,0.9,45,5,0
0.1,0.9,0.9,0.9,0.1,1,47,2
0.1,0.9,0.9,0.9,0.5,5,45,0
0.1,0.9,0.9,0.9,0.9,15,35,0
0.5,0.1,0.1,0.1,0.1,0,37,13
0.5,0.1,0.1,0.1,0.5,0,48,2
0.5,0.1,0.1,0.1,0.9,0,50,0
0.5,0.1,0.1,0.5,0.1,0,46,4
0.5,0.1,0.1,0.5,0.5,0,49,1
0.5,0.1,0.1,0.5,0.9,0,50,0
0.5,0.1,0.1,0.9,0.1,0,40,10
0.5,0.1,0.1,0.9,0.5,0,47,3
0.5,0.1,0.1,0.9,0.9,0,50,0
0.5,0.1,0.5,0.1,0.1,29,6,15
0.5,0.1,0.5,0.1,0.5,30,20,0
0.5,0.1,0.5,0.1,0.9,27,23,0
0.5,0.1,0.5,0.5,0.1,0,0,50
0.5,0.1,0.5,0.5,0.5,3,43,4
0.5,0.1,0.5,0.5,0.9,2,48,0
0.5,0.1,0.5,0.9,0.1,0,0,50
0.5,0.1,0.5,0.9,0.5,0,48,2
0.5,0.1,0.5,0.9,0.9,0,50,0
0.5,0.1,0.9,0.1,0.1,35,15,0
0.5,0.1,0.9,0.1,0.5,26,24,0
0.5,0.1,0.9,0.1,0.9,27,23,0
0.5,0.1,0.9,0.5,0.1,7,5,38
0.5,0.1,0.9,0.5,0.5,23,27,0
0.5,0.1,0.9,0.5,0.9,30,20,0
0.5,0.1,0.9,0.9,0.1,0,1,49
0.5,0.1,0.9,0.9,0.5,5,45,0
0.5,0.1,0.9,0.9,0.9,6,44,0
0.5,0.5,0.1,0.1,0.1,0,39,11
0.5,0.5,0.1,0.1,0.5,0,50,0
0.5,0.5,0.1,0.1,0.9,5,45,0
0.5,0.5,0.1,0.5,0.1,0,37,13
0.5,0.5,0.1,0.5,0.5,0,50,0
0.5,0.5,0.1,0.5,0.9,0,50,0
0.5,0.5,0.1,0.9,0.1,0,42,8
0.5,0.5,0.1,0.9,0.5,0,50,0
0.5,0.5,0.1,0.9,0.9,0,50,0
0.5,0.5,0.5,0.1,0.1,50,0,0
0.5,0.5,0.5,0.1,0.5,50,0,0
0.5,0.5,0.5,0.1,0.9,50,0,0
0.5,0.5,0.5,0.5,0.1,18,29,3
0.5,0.5,0.5,0.5,0.5,11,39,0
0.5,0.5,0.5,0.5,0.9,7,43,0
0.5,0.5,0.5,0.9,0.1,0,44,6
0.5,0.5,0.5,0.9,0.5,0,50,0
0.5,0.5,0.5,0.9,0.9,0,50,0
0.5,0.5,0.9,0.1,0.1,50,0,0
0.5,0.5,0.9,0.1,0.5,50,0,0
0.5,0.5,0.9,0.1,0.9,50,0,0
0.5,0.5,0.9,0.5,0.1,50,0,0
0.5,0.5,0.9,0.5,0.5,49,1,0
0.5,0.5,0.9,0.5,0.9,50,0,0
0.5,0.5,0.9,0.9,0.1,4,46,0
0.5,0.5,0.9,0.9,0.5,16,34,0
0.5,0.5,0.9,0.9,0.9,37,13,0
0.5,0.9,0.1,0.1,0.1,0,46,4
0.5,0.9,0.1,0.1,0.5,0,50,0
0.5,0.9,0.1,0.1,0.9,5,45,0
0.5,0.9,0.1,0.5,0.1,0,47,3
0.5,0.9,0.1,0.5,0.5,0,50,0
0.5,0.9,0.1,0.5,0.9,0,50,0
0.5,0.9,0.1,0.9,0.1,0,47,3
0.5,0.9,0.1,0.9,0.5,0,50,0
0.5,0.9,0.1,0.9,0.9,0,50,0
0.5,0.9,0.5,0.1,0.1,50,0,0
0.5,0.9,0.5,0.1,0.5,50,0,0
0.5,0.9,0.5,0.1,0.9,50,0,0
0.5,0.9,0.5,0.5,0.1,21,29,0
0.5,0.9,0.5,0.5,0.5,18,32,0
0.5,0.9,0.5,0.5,0.9,10,40,0
0.5,0.9,0.5,0.9,0.1,0,50,0
0.5,0.9,0.5,0.9,0.5,0,50,0
0.5,0.9,0.5,0.9,0.9,0,50,0
0.5,0.9,0.9,0.1,0.1,50,0,0
0.5,0.9,0.9,0.1,0.5,50,0,0
0.5,0.9,0.9,0.1,0.9,50,0,0
0.5,0.9,0.9,0.5,0.1,50,0,0
0.5,0.9,0.9,0.5,0.5,48,2,0
0.5,0.9,0.9,0.5,0.9,50,0,0
0.5,0.9,0.9,0.9,0.1,13,37,0
0.5,0.9,0.9,0.9,0.5,13,37,0
0.5,0.9,0.9,0.9,0.9,37,13,0
0.9,0.1,0.1,0.1,0.1,0,20,30
0.9,0.1,0.1,0.1,0.5,0,44,6
0.9,0.1,0.1,0.1,0.9,2,48,0
0.9,0.1,0.1,0.5,0.1,0,27,23
0.9,0.1,0.1,0.5,0.5,0,46,4
0.9,0.1,0.1,0.5,0.9,0,50,0
0.9,0.1,0.1,0.9,0.1,0,26,24
0.9,0.1,0.1,0.9,0.5,0,48,2
0.9,0.1,0.1,0.9,0.9,0,50,0
0.9,0.1,0.5,0.1,0.1,47,3,0
0.9,0.1,0.5,0.1,0.5,42,8,0
0.9,0.1,0.5,0.1,0.9,46,4,0
0.9,0.1,0.5,0.5,0.1,0,0,50
0.9,0.1,0.5,0.5,0.5,12,38,0
0.9,0.1,0.5,0.5,0.9,8,42,0
0.9,0.1,0.5,0.9,0.1,0,2,48
0.9,0.1,0.5,0.9,0.5,0,50,0
0.9,0.1,0.5,0.9,0.9,0,50,0
0.9,0.1,0.9,0.1,0.1,44,6,0
0.9,0.1,0.9,0.1,0.5,36,14,0
0.9,0.1,0.9,0.1,0.9,45,5,0
0.9,0.1,0.9,0.5,0.1,39,4,7
0.9,0.1,0.9,0.5,0.5,48,2,0
0.9,0.1,0.9,0.5,0.9,46,4,0
0.9,0.1,0.9,0.9,0.1,1,14,35
0.9,0.1,0.9,0.9,0.5,4,46,0
0.9,0.1,0.9,0.9,0.9,17,33,0
0.9,0.5,0.1,0.1,0.1,1,47,2
0.9,0.5,0.1,0.1,0.5,0,50,0
0.9,0.5,0.1,0.1,0.9,1,49,0
0.9,0.5,0.1,0.5,0.1,0,48,2
0.9,0.5,0.1,0.5,0.5,0,50,0
0.9,0.5,0.1,0.5,0.9,0,50,0
0.9,0.5,0.1,0.9,0.1,0,44,6
0.9,0.5,0.1,0.9,0.5,0,50,0
0.9,0.5,0.1,0.9,0.9,0,50,0
0.9,0.5,0.5,0.1,0.1,50,0,0
0.9,0.5,0.5,0.1,0.5,50,0,0
0.9,0.5,0.5,0.1,0.9,50,0,0
0.9,0.5,0.5,0.5,0.1,24,26,0
0.9,0.5,0.5,0.5,0.5,21,29,0
0.9,0.5,0.5,0.5,0.9,11,39,0
0.9,0.5,0.5,0.9,0.1,0,50,0
0.9,0.5,0.5,0.9,0.5,0,50,0
0.9,0.5,0.5,0.9,0.9,0,50,0
0.9,0.5,0.9,0.1,0.1,50,0,0
0.9,0.5,0.9,0.1,0.5,50,0,0
0.9,0.5,0.9,0.1,0.9,50,0,0
0.9,0.5,0.9,0.5,0.1,50,0,0
0.9,0.5,0.9,0.5,0.5,50,0,0
0.9,0.5,0.9,0.5,0.9,50,0,0
0.9,0.5,0.9,0.9,0.1,9,41,0
0.9,0.5,0.9,0.9,0.5,22,28,0
0.9,0.5,0.9,0.9,0.9,44,6,0
0.9,0.9,0.1,0.1,0.1,0,50,0
0.9,0.9,0.1,0.1,0.5,0,50,0
0.9,0.9,0.1,0.1,0.9,4,46,0
0.9,0.9,0.1,0.5,0.1,0,50,0
0.9,0.9,0.1,0.5,0.5,0,50,0
0.9,0.9,0.1,0.5,0.9,0,50,0
0.9,0.9,0.1,0.9,0.1,0,50,0
0.9,0.9,0.1,0.9,0.5,0,50,0
0.9,0.9,0.1,0.9,0.9,0,50,0
0.9,0.9,0.5,0.1,0.1,50,0,0
0.9,0.9,0.5,0.1,0.5,50,0,0
0.9,0.9,0.5,0.1,0.9,50,0,0
0.9,0.9,0.5,0.5,0.1,28,22,0
0.9,0.9,0.5,0.5,0.5,16,34,0
0.9,0.9,0.5,0.5,0.9,16,34,0
0.9,0.9,0.5,0.9,0.1,0,50,0
0.9,0.9,0.5,0.9,0.5,0,50,0
0.9,0.9,0.5,0.9,0.9,0,50,0
0.9,0.9,0.9,0.1,0.1,50,0,0
0.9,0.9,0.9,0.1,0.5,50,0,0
0.9,0.9,0.9,0.1,0.9,50,0,0
0.9,0.9,0.9,0.5,0.1,49,1,0
0.9,0.9,0.9,0.5,0.5,50,0,0
0.9,0.9,0.9,0.5,0.9,50,0,0
0.9,0.9,0.9,0.9,0.1,12,38,0
0.9,0.9,0.9,0.9,0.5,14,36,0
0.9,0.9,0.9,0.9,0.9,36,14,0
0.1,0.1,0.1,0.1,0.1,0,50,0
0.1,0.1,0.1,0.1,0.5,0,50,0
0.1,0.1,0.1,0.1,0.9,0,50,0
0.1,0.1,0.1,0.5,0.1,0,50,0
0.1,0.1,0.1,0.5,0.5,0,50,0
0.1,0.1,0.1,0.5,0.9,0,50,0
0.1,0.1,0.1,0.9,0.1,0,50,0
0.1,0.1,0.1,0.9,0.5,0,50,0
0.1,0.1,0.1,0.9,0.9,0,50,0
0.1,0.1,0.5,0.1,0.1,0,38,12
0.1,0.1,0.5,0.1,0.5,0,35,15
0.1,0.1,0.5,0.1,0.9,0,50,0
0.1,0.1,0.5,0.5,0.1,0,36,14
0.1,0.1,0.5,0.5,0.5,0,33,17
0.1,0.1,0.5,0.5,0.9,0,50,0
0.1,0.1,0.5,0.9,0.1,0,38,12
0.1,0.1,0.5,0.9,0.5,0,44,6
0.1,0.1,0.5,0.9,0.9,0,50,0
0.1,0.1,0.9,0.1,0.1,0,32,18
0.1,0.1,0.9,0.1,0.5,0,48,2
0.1,0.1,0.9,0.1,0.9,0,50,0
0.1,0.1,0.9,0.5,0.1,0,28,22
0.1,0.1,0.9,0.5,0.5,0,39,11
0.1,0.1,0.9,0.5,0.9,0,50,0
0.1,0.1,0.9,0.9,0.1,0,38,12
0.1,0.1,0.9,0.9,0.5,0,45,5
0.1,0.1,0.9,0.9,0.9,0,50,0
0.1,0.5,0.1,0.1,0.1,0,45,5
0.1,0.5,0.1,0.1,0.5,0,49,1
0.1,0.5,0.1,0.1,0.9,0,50,0
0.1,0.5,0.1,0.5,0.1,0,49,1
0.1,0.5,0.1,0.5,0.5,0,50,0
0.1,0.5,0.1,0.5,0.9,0,50,0
0.1,0.5,0.1,0.9,0.1,0,47,3
0.1,0.5,0.1,0.9,0.5,0,50,0
0.1,0.5,0.1,0.9,0.9,0,50,0
0.1,0.5,0.5,0.1,0.1,25,23,2
0.1,0.5,0.5,0.1,0.5,33,17,0
0.1,0.5,0.5,0.1,0.9,28,22,0
0.1,0.5,0.5,0.5,0.1,0,15,35
0.1,0.5,0.5,0.5,0.5,5,44,1
0.1,0.5,0.5,0.5,0.9,8,42,0
0.1,0.5,0.5,0.9,0.1,0,19,31
0.1,0.5,0.5,0.9,0.5,0,47,3
0.1,0.5,0.5,0.9,0.9,0,50,0
0.1,0.5,0.9,0.1,0.1,29,21,0
0.1,0.5,0.9,0.1,0.5,33,17,0
0.1,0.5,0.9,0.1,0.9,35,15,0
0.1,0.5,0.9,0.5,0.1,18,31,1
0.1,0.5,0.9,0.5,0.5,25,25,0
0.1,0.5,0.9,0.5,0.9,34,16,0
0.1,0.5,0.9,0.9,0.1,0,42,8
0.1,0.5,0.9,0.9,0.5,0,50,0
0.1,0.5,0.9,0.9,0.9,8,42,0
0.1,0.9,0.1,0.1,0.1,0,46,4
0.1,0.9,0.1,0.1,0.5,0,50,0
0.1,0.9,0.1,0.1,0.9,0,50,0
0.1,0.9,0.1,0.5,0.1,0,46,4
0.1,0.9,0.1,0.5,0.5,0,50,0
0.1,0.9,0.1,0.5,0.9,0,50,0
0.1,0.9,0.1,0.9,0.1,0,45,5
0.1,0.9,0.1,0.9,0.5,0,50,0
0.1,0.9,0.1,0.9,0.9,0,50,0
0.1,0.9,0.5,0.1,0.1,45,5,0
0.1,0.9,0.5,0.1,0.5,45,5,0
0.1,0.9,0.5,0.1,0.9,46,4,0
0.1,0.9,0.5,0.5,0.1,4,34,12
0.1,0.9,0.5,0.5,0.5,8,42,0
0.1,0.9,0.5,0.5,0.9,11,39,0
0.1,0.9,0.5,0.9,0.1,0,43,7
0.1,0.9,0.5,0.9,0.5,0,50,0
0.1,0.9,0.5,0.9,0.9,0,50,0
0.1,0.9,0.9,0.1,0.1,45,5,0
0.1,0.9,0.9,0.1,0.5,47,3,0
0.1,0.9,0.9,0.1,0.9,47,3,0
0.1,0.9,0.9,0.5,0.1,40,10,0
0.1,0.9,0.9,0.5,0.5,44,6,0
0.1,0.9,0.9,0.5,0.9,48,2,0
0.1,0.9,0.9,0.9,0.1,3,47,0
0.1,0.9,0.9,0.9,0.5,0,50,0
0.1,0.9,0.9,0.9,0.9,15,35,0
0.5,0.1,0.1,0.1,0.1,0,43,7
0.5,0.1,0.1,0.1,0.5,0,48,2
0.5,0.1,0.1,0.1,0.9,0,50,0
0.5,0.1,0.1,0.5,0.1,0,45,5
0.5,0.1,0.1,0.5,0.5,0,43,7
0.5,0.1,0.1,0.5,0.9,0,50,0
0.5,0.1,0.1,0.9,0.1,0,38,12
0.5,0.1,0.1,0.9,0.5,0,46,4
0.5,0.1,0.1,0.9,0.9,0,50,0
0.5,0.1,0.5,0.1,0.1,26,10,14
0.5,0.1,0.5,0.1,0.5,25,25,0
0.5,0.1,0.5,0.1,0.9,24,26,0
0.5,0.1,0.5,0.5,0.1,0,0,50
0.5,0.1,0.5,0.5,0.5,1,42,7
0.5,0.1,0.5,0.5,0.9,3,47,0
0.5,0.1,0.5,0.9,0.1,0,1,49
0.5,0.1,0.5,0.9,0.5,0,46,4
0.5,0.1,0.5,0.9,0.9,0,50,0
0.5,0.1,0.9,0.1,0.1,32,18,0
0.5,0.1,0.9,0.1,0.5,27,23,0
0.5,0.1,0.9,0.1,0.9,29,21,0
0.5,0.1,0.9,0.5,0.1,12,6,32
0.5,0.1,0.9,0.5,0.5,28,22,0
0.5,0.1,0.9,0.5,0.9,32,18,0
0.5,0.1,0.9,0.9,0.1,0,2,48
0.5,0.1,0.9,0.9,0.5,2,48,0
0.5,0.1,0.9,0.9,0.9,5,45,0
0.5,0.5,0.1,0.1,0.1,0,35,15
0.5,0.5,0.1,0.1,0.5,0,50,0
0.5,0.5,0.1,0.1,0.9,5,45,0
0.5,0.5,0.1,0.5,0.1,0,35,15
0.5,0.5,0.1,0.5,0.5,0,50,0
0.5,0.5,0.1,0.5,0.9,0,50,0
0.5,0.5,0.1,0.9,0.1,0,32,18
0.5,0.5,0.1,0.9,0.5,0,50,0
0.5,0.5,0.1,0.9,0.9,0,50,0
0.5,0.5,0.5,0.1,0.1,50,0,0
0.5,0.5,0.5,0.1,0.5,50,0,0
0.5,0.5,0.5,0.1,0.9,50,0,0
0.5,0.5,0.5,0.5,0.1,23,25,2
0.5,0.5,0.5,0.5,0.5,14,36,0
0.5,0.5,0.5,0.5,0.9,9,41,0
0.5,0.5,0.5,0.9,0.1,0,47,3
0.5,0.5,0.5,0.9,0.5,0,50,0
0.5,0.5,0.5,0.9,0.9,0,50,0
0.5,0.5,0.9,0.1,0.1,50,0,0
0.5,0.5,0.9,0.1,0.5,50,0,0
0.5,0.5,0.9,0.1,0.9,50,0,0
0.5,0.5,0.9,0.5,0.1,50,0,0
0.5,0.5,0.9,0.5,0.5,50,0,0
0.5,0.5,0.9,0.5,0.9,50,0,0
0.5,0.5,0.9,0.9,0.1,10,40,0
0.5,0.5,0.9,0.9,0.5,12,38,0
0.5,0.5,0.9,0.9,0.9,38,12,0
0.5,0.9,0.1,0.1,0.1,0,47,3
0.5,0.9,0.1,0.1,0.5,0,50,0
0.5,0.9,0.1,0.1,0.9,2,48,0
0.5,0.9,0.1,0.5,0.1,0,47,3
0.5,0.9,0.1,0.5,0.5,0,50,0
0.5,0.9,0.1,0.5,0.9,0,50,0
0.5,0.9,0.1,0.9,0.1,0,47,3
0.5,0.9,0.1,0.9,0.5,0,50,0
0.5,0.9,0.1,0.9,0.9,0,50,0
0.5,0.9,0.5,0.1,0.1,50,0,0
0.5,0.9,0.5,0.1,0.5,50,0,0
0.5,0.9,0.5,0.1,0.9,50,0,0
0.5,0.9,0.5,0.5,0.1,23,27,0
0.5,0.9,0.5,0.5,0.5,12,38,0
0.5,0.9,0.5,0.5,0.9,11,39,0
0.5,0.9,0.5,0.9,0.1,0,50,0
0.5,0.9,0.5,0.9,0.5,0,50,0
0.5,0.9,0.5,0.9,0.9,0,50,0
0.5,0.9,0.9,0.1,0.1,50,0,0
0.5,0.9,0.9,0.1,0.5,50,0,0
0.5,0.9,0.9,0.1,0.9,50,0,0
0.5,0.9,0.9,0.5,0.1,50,0,0
0.5,0.9,0.9,0.5,0.5,50,0,0
0.5,0.9,0.9,0.5,0.9,50,0,0
0.5,0.9,0.9,0.9,0.1,9,41,0
0.5,0.9,0.9,0.9,0.5,7,43,0
0.5,0.9,0.9,0.9,0.9,37,13,0
0.9,0.1,0.1,0.1,0.1,0,31,19
0.9,0.1,0.1,0.1,0.5,0,44,6
0.9,0.1,0.1,0.1,0.9,1,49,0
0.9,0.1,0.1,0.5,0.1,0,30,20
0.9,0.1,0.1,0.5,0.5,0,47,3
0.9,0.1,0.1,0.5,0.9,0,50,0
0.9,0.1,0.1,0.9,0.1,0,25,25
0.9,0.1,0.1,0.9,0.5,0,47,3
0.9,0.1,0.1,0.9,0.9,0,50,0
0.9,0.1,0.5,0.1,0.1,43,7,0
0.9,0.1,0.5,0.1,0.5,39,11,0
0.9,0.1,0.5,0.1,0.9,45,5,0
0.9,0.1,0.5,0.5,0.1,2,2,46
0.9,0.1,0.5,0.5,0.5,12,38,0
0.9,0.1,0.5,0.5,0.9,10,40,0
0.9,0.1,0.5,0.9,0.1,0,3,47
0.9,0.1,0.5,0.9,0.5,0,50,0
0.9,0.1,0.5,0.9,0.9,0,50,0
0.9,0.1,0.9,0.1,0.1,46,4,0
0.9,0.1,0.9,0.1,0.5,39,11,0
0.9,0.1,0.9,0.1,0.9,43,7,0
0.9,0.1,0.9,0.5,0.1,44,2,4
0.9,0.1,0.9,0.5,0.5,43,7,0
0.9,0.1,0.9,0.5,0.9,47,3,0
0.9,0.1,0.9,0.9,0.1,0,12,38
0.9,0.1,0.9,0.9,0.5,6,43,1
0.9,0.1,0.9,0.9,0.9,19,31,0
0.9,0.5,0.1,0.1,0.1,0,45,5
0.9,0.5,0.1,0.1,0.5,0,50,0
0.9,0.5,0.1,0.1,0.9,6,44,0
0.9,0.5,0.1,0.5,0.1,0,46,4
0.9,0.5,0.1,0.5,0.5,0,50,0
0.9,0.5,0.1,0.5,0.9,0,50,0
0.9,0.5,0.1,0.9,0.1,0,49,1
0.9,0.5,0.1,0.9,0.5,0,50,0
0.9,0.5,0.1,0.9,0.9,0,50,0
0.9,0.5,0.5,0.1,0.1,50,0,0
0.9,0.5,0.5,0.1,0.5,50,0,0
0.9,0.5,0.5,0.1,0.9,50,0,0
0.9,0.5,0.5,0.5,0.1,20,30,0
0.9,0.5,0.5,0.5,0.5,15,35,0
0.9,0.5,0.5,0.5,0.9,14,36,0
0.9,0.5,0.5,0.9,0.1,0,50,0
0.9,0.5,0.5,0.9,0.5,0,50,0
0.9,0.5,0.5,0.9,0.9,0,50,0
0.9,0.5,0.9,0.1,0.1,50,0,0
0.9,0.5,0.9,0.1,0.5,50,0,0
0.9,0.5,0.9,0.1,0.9,50,0,0
0.9,0.5,0.9,0.5,0.1,50,0,0
0.9,0.5,0.9,0.5,0.5,50,0,0
0.9,0.5,0.9,0.5,0.9,50,0,0
0.9,0.5,0.9,0.9,0.1,15,35,0
0.9,0.5,0.9,0.9,0.5,24,26,0
0.9,0.5,0.9,0.9,0.9,37,13,0
0.9,0.9,0.1,0.1,0.1,0,50,0
0.9,0.9,0.1,0.1,0.5,0,50,0
0.9,0.9,0.1,0.1,0.9,7,43,0
0.9,0.9,0.1,0.5,0.1,0,50,0
0.9,0.9,0.1,0.5,0.5,0,50,0
0.9,0.9,0.1,0.5,0.9,0,50,0
0.9,0.9,0.1,0.9,0.1,0,50,0
0.9,0.9,0.1,0.9,0.5,0,50,0
0.9,0.9,0.1,0.9,0.9,0,50,0
0.9,0.9,0.5,0.1,0.1,50,0,0
0.9,0.9,0.5,0.1,0.5,50,0,0
0.9,0.9,0.5,0.1,0.9,50,0,0
0.9,0.9,0.5,0.5,0.1,30,20,0
0.9,0.9,0.5,0.5,0.5,18,32,0
0.9,0.9,0.5,0.5,0.9,10,40,0
0.9,0.9,0.5,0.9,0.1,0,50,0
0.9,0.9,0.5,0.9,0.5,0,50,0
0.9,0.9,0.5,0.9,0.9,0,50,0
0.9,0.9,0.9,0.1,0.1,50,0,0
0.9,0.9,0.9,0.1,0.5,50,0,0
0.9,0.9,0.9,0.1,0.9,50,0,0
0.9,0.9,0.9,0.5,0.1,50,0,0
0.9,0.9,0.9,0.5,0.5,50,0,0
0.9,0.9,0.9,0.5,0.9,50,0,0
0.9,0.9,0.9,0.9,0.1,7,43,0
0.9,0.9,0.9,0.9,0.5,20,30,0
0.9,0.9,0.9,0.9,0.9,41,9,0
0.1,0.1,0.1,0.1,0.1,0,50,0
0.1,0.1,0.1,0.1,0.5,0,50,0
0.1,0.1,0.1,0.1,0.9,0,50,0
0.1,0.1,0.1,0.5,0.1,0,50,0
0.1,0.1,0.1,0.5,0.5,0,50,0
0.1,0.1,0.1,0.5,0.9,0,50,0
0.1,0.1,0.1,0.9,0.1,0,50,0
0.1,0.1,0.1,0.9,0.5,0,50,0
0.1,0.1,0.1,0.9,0.9,0,50,0
0.1,0.1,0.5,0.1,0.1,0,32,18
0.1,0.1,0.5,0.1,0.5,0,39,11
0.1,0.1,0.5,0.1,0.9,0,50,0
0.1,0.1,0.5,0.5,0.1,0,37,13
0.1,0.1,0.5,0.5,0.5,0,38,12
0.1,0.1,0.5,0.5,0.9,0,50,0
0.1,0.1,0.5,0.9,0.1,0,31,19
0.1,0.1,0.5,0.9,0.5,0,40,10
0.1,0.1,0.5,0.9,0.9,0,50,0
0.1,0.1,0.9,0.1,0.1,0,38,12
0.1,0.1,0.9,0.1,0.5,0,48,2
0.1,0.1,0.9,0.1,0.9,0,50,0
0.1,0.1,0.9,0.5,0.1,0,34,16
0.1,0.1,0.9,0.5,0.5,0,40,10
0.1,0.1,0.9,0.5,0.9,0,50,0
0.1,0.1,0.9,0.9,0.1,0,32,18
0.1,0.1,0.9,0.9,0.5,0,39,11
0.1,0.1,0.9,0.9,0.9,0,50,0
0.1,0.5,0.1,0.1,0.1,0,46,4
0.1,0.5,0.1,0.1,0.5,0,49,1
0.1,0.5,0.1,0.1,0.9,0,50,0
0.1,0.5,0.1,0.5,0.1,0,48,2
0.1,0.5,0.1,0.5,0.5,0,50,0
0.1,0.5,0.1,0.5,0.9,0,50,0
0.1,0.5,0.1,0.9,0.1,0,46,4
0.1,0.5,0.1,0.9,0.5,0,49,1
0.1,0.5,0.1,0.9,0.9,0,50,0
0.1,0.5,0.5,0.1,0.1,27,21,2
0.1,0.5,0.5,0.1,0.5,23,27,0
0.1,0.5,0.5,0.1,0.9,31,19,0
0.1,0.5,0.5,0.5,0.1,0,21,29
0.1,0.5,0.5,0.5,0.5,4,44,2
0.1,0.5,0.5,0.5,0.9,6,44,0
0.1,0.5,0.5,0.9,0.1,0,18,32
0.1,0.5,0.5,0.9,0.5,0,46,4
0.1,0.5,0.5,0.9,0.9,0,50,0
0.1,0.5,0.9,0.1,0.1,30,20,0
0.1,0.5,0.9,0.1,0.5,30,20,0
0.1,0.5,0.9,0.1,0.9,31,19,0
0.1,0.5,0.9,0.5,0.1,17,30,3
0.1,0.5,0.9,0.5,0.5,25,25,0
0.1,0.5,0.9,0.5,0.9,32,18,0
0.1,0.5,0.9,0.9,0.1,0,34,16
0.1,0.5,0.9,0.9,0.5,0,49,1
0.1,0.5,0.9,0.9,0.9,2,48,0
0.1,0.9,0.1,0.1,0.1,0,46,4
0.1,0.9,0.1,0.1,0.5,0,48,2
0.1,0.9,0.1,0.1,0.9,2,48,0
0.1,0.9,0.1,0.5,0.1,0,43,7
0.1,0.9,0.1,0.5,0.5,0,50,0
0.1,0.9,0.1,0.5,0.9,0,50,0
0.1,0.9,0.1,0.9,0.1,0,44,6
0.1,0.9,0.1,0.9,0.5,0,50,0
0.1,0.9,0.1,0.9,0.9,0,50,0
0.1,0.9,0.5,0.1,0.1,42,8,0
0.1,0.9,0.5,0.1,0.5,47,3,0
0.1,0.9,0.5,0.1,0.9,48,2,0
0.1,0.9,0.5,0.5,0.1,7,31,12
0.1,0.9,0.5,0.5,0.5,9,41,0
0.1,0.9,0.5,0.5,0.9,12,38,0
0.1,0.9,0.5,0.9,0.1,0,39,11
0.1,0.9,0.5,0.9,0.5,0,50,0
0.1,0.9,0.5,0.9,0.9,0,50,0
0.1,0.9,0.9,0.1,0.1,47,3,0
0.1,0.9,0.9,0.1,0.5,46,4,0
0.1,0.9,0.9,0.1,0.9,48,2,0
0.1,0.9,0.9,0.5,0.1,40,10,0
0.1,0.9,0.9,0.5,0.5,42,8,0
0.1,0.9,0.9,0.5,0.9,45,5,0
0.1,0.9,0.9,0.9,0.1,2,47,1
0.1,0.9,0.9,0.9,0.5,1,49,0
0.1,0.9,0.9,0.9,0.9,16,34,0
0.5,0.1,0.1,0.1,0.1,0,45,5
0.5,0.1,0.1,0.1,0.5,0,42,8
0.5,0.1,0.1,0.1,0.9,0,50,0
0.5,0.1,0.1,0.5,0.1,0,38,12
0.5,0.1,0.1,0.5,0.5,0,46,4
0.5,0.1,0.1,0.5,0.9,0,50,0
0.5,0.1,0.1,0.9,0.1,0,42,8
0.5,0.1,0.1,0.9,0.5,0,43,7
0.5,0.1,0.1,0.9,0.9,0,50,0
0.5,0.1,0.5,0.1,0.1,21,13,16
0.5,0.1,0.5,0.1,0.5,33,17,0
0.5,0.1,0.5,0.1,0.9,22,28,0
0.5,0.1,0.5,0.5,0.1,0,0,50
0.5,0.1,0.5,0.5,0.5,3,46,1
0.5,0.1,0.5,0.5,0.9,1,49,0
0.5,0.1,0.5,0.9,0.1,0,0,50
0.5,0.1,0.5,0.9,0.5,0,44,6
0.5,0.1,0.5,0.9,0.9,0,50,0
0.5,0.1,0.9,0.1,0.1,41,9,0
0.5,0.1,0.9,0.1,0.5,28,22,0
0.5,0.1,0.9,0.1,0.9,31,19,0
0.5,0.1,0.9,0.5,0.1,8,12,30
0.5,0.1,0.9,0.5,0.5,22,28,0
0.5,0.1,0.9,0.5,0.9,31,19,0
0.5,0.1,0.9,0.9,0.1,0,4,46
0.5,0.1,0.9,0.9,0.5,1,49,0
0.5,0.1,0.9,0.9,0.9,8,42,0
0.5,0.5,0.1,0.1,0.1,0,37,13
0.5,0.5,0.1,0.1,0.5,0,50,0
0.5,0.5,0.1,0.1,0.9,4,46,0
0.5,0.5,0.1,0.5,0.1,0,38,12
0.5,0.5,0.1,0.5,0.5,0,50,0
0.5,0.5,0.1,0.5,0.9,0,50,0
0.5,0.5,0.1,0.9,0.1,0,36,14
0.5,0.5,0.1,0.9,0.5,0,50,0
0.5,0.5,0.1,0.9,0.9,0,50,0
0.5,0.5,0.5,0.1,0.1,50,0,0
0.5,0.5,0.5,0.1,0.5,50,0,0
0.5,0.5,0.5,0.1,0.9,50,0,0
0.5,0.5,0.5,0.5,0.1,16,30,4
0.5,0.5,0.5,0.5,0.5,18,32,0
0.5,0.5,0.5,0.5,0.9,14,36,0
0.5,0.5,0.5,0.9,0.1,0,44,6
0.5,0.5,0.5,0.9,0.5,0,50,0
0.5,0.5,0.5,0.9,0.9,0,50,0
0.5,0.5,0.9,0.1,0.1,50,0,0
0.5,0.5,0.9,0.1,0.5,50,0,0
0.5,0.5,0.9,0.1,0.9,50,0,0
0.5,0.5,0.9,0.5,0.1,50,0,0
0.5,0.5,0.9,0.5,0.5,50,0,0
0.5,0.5,0.9,0.5,0.9,50,0,0
0.5,0.5,0.9,0.9,0.1,6,44,0
0.5,0.5,0.9,0.9,0.5,19,31,0
0.5,0.5,0.9,0.9,0.9,33,17,0
0.5,0.9,0.1,0.1,0.1,0,47,3
0.5,0.9,0.1,0.1,0.5,0,50,0
0.5,0.9,0.1,0.1,0.9,5,45,0
0.5,0.9,0.1,0.5,0.1,0,48,2
0.5,0.9,0.1,0.5,0.5,0,50,0
0.5,0.9,0.1,0.5,0.9,0,50,0
0.5,0.9,0.1,0.9,0.1,0,45,5
0.5,0.9,0.1,0.9,0.5,0,50,0
0.5,0.9,0.1,0.9,0.9,0,50,0
0.5,0.9,0.5,0.1,0.1,50,0,0
0.5,0.9,0.5,0.1,0.5,50,0,0
0.5,0.9,0.5,0.1,0.9,50,0,0
0.5,0.9,0.5,0.5,0.1,20,30,0
0.5,0.9,0.5,0.5,0.5,18,32,0
0.5,0.9,0.5,0.5,0.9,9,41,0
0.5,0.9,0.5,0.9,0.1,0,50,0
0.5,0.9,0.5,0.9,0.5,0,50,0
0.5,0.9,0.5,0.9,0.9,0,50,0
0.5,0.9,0.9,0.1,0.1,50,0,0
0.5,0.9,0.9,0.1,0.5,50,0,0
0.5,0.9,0.9,0.1,0.9,50,0,0
0.5,0.9,0.9,0.5,0.1,50,0,0
0.5,0.9,0.9,0.5,0.5,50,0,0
0.5,0.9,0.9,0.5,0.9,50,0,0
0.5,0.9,0.9,0.9,0.1,9,41,0
0.5,0.9,0.9,0.9,0.5,11,39,0
0.5,0.9,0.9,0.9,0.9,41,9,0
0.9,0.1,0.1,0.1,0.1,0,31,19
0.9,0.1,0.1,0.1,0.5,0,43,7
0.9,0.1,0.1,0.1,0.9,1,49,0
0.9,0.1,0.1,0.5,0.1,0,30,20
0.9,0.1,0.1,0.5,0.5,0,48,2
0.9,0.1,0.1,0.5,0.9,0,50,0
0.9,0.1,0.1,0.9,0.1,0,23,27
0.9,0.1,0.1,0.9,0.5,0,47,3
0.9,0.1,0.1,0.9,0.9,0,50,0
0.9,0.1,0.5,0.1,0.1,42,7,1
0.9,0.1,0.5,0.1,0.5,37,13,0
0.9,0.1,0.5,0.1,0.9,38,12,0
0.9,0.1,0.5,0.5,0.1,0,2,48
0.9,0.1,0.5,0.5,0.5,9,41,0
0.9,0.1,0.5,0.5,0.9,11,39,0
0.9,0.1,0.5,0.9,0.1,0,3,47
0.9,0.1,0.5,0.9,0.5,0,50,0
0.9,0.1,0.5,0.9,0.9,0,50,0
0.9,0.1,0.9,0.1,0.1,48,2,0
0.9,0.1,0.9,0.1,0.5,43,7,0
0.9,0.1,0.9,0.1,0.9,39,11,0
0.9,0.1,0.9,0.5,0.1,44,1,5
0.9,0.1,0.9,0.5,0.5,46,4,0
0.9,0.1,0.9,0.5,0.9,45,5,0
0.9,0.1,0.9,0.9,0.1,1,26,23
0.9,0.1,0.9,0.9,0.5,9,41,0
0.9,0.1,0.9,0.9,0.9,20,30,0
0.9,0.5,0.1,0.1,0.1,1,44,5
0.9,0.5,0.1,0.1,0.5,0,50,0
0.9,0.5,0.1,0.1,0.9,4,46,0
0.9,0.5,0.1,0.5,0.1,0,45,5
0.9,0.5,0.1,0.5,0.5,0,50,0
0.9,0.5,0.1,0.5,0.9,0,50,0
0.9,0.5,0.1,0.9,0.1,0,44,6
0.9,0.5,0.1,0.9,0.5,0,50,0
0.9,0.5,0.1,0.9,0.9,0,50,0
0.9,0.5,0.5,0.1,0.1,50,0,0
0.9,0.5,0.5,0.1,0.5,50,0,0
0.9,0.5,0.5,0.1,0.9,50,0,0
0.9,0.5,0.5,0.5,0.1,23,27,0
0.9,0.5,0.5,0.5,0.5,15,35,0
0.9,0.5,0.5,0.5,0.9,16,34,0
0.9,0.5,0.5,0.9,0.1,0,50,0
0.9,0.5,0.5,0.9,0.5,0,50,0
0.9,0.5,0.5,0.9,0.9,0,50,0
0.9,0.5,0.9,0.1,0.1,50,0,0
0.9,0.5,0.9,0.1,0.5,50,0,0
0.9,0.5,0.9,0.1,0.9,50,0,0
0.9,0.5,0.9,0.5,0.1,50,0,0
0.9,0.5,0.9,0.5,0.5,50,0,0
0.9,0.5,0.9,0.5,0.9,50,0,0
0.9,0.5,0.9,0.9,0.1,10,40,0
0.9,0.5,0.9,0.9,0.5,22,28,0
0.9,0.5,0.9,0.9,0.9,41,9,0
0.9,0.9,0.1,0.1,0.1,0,50,0
0.9,0.9,0.1,0.1,0.5,0,50,0
0.9,0.9,0.1,0.1,0.9,4,46,0
0.9,0.9,0.1,0.5,0.1,0,50,0
0.9,0.9,0.1,0.5,0.5,0,50,0
0.9,0.9,0.1,0.5,0.9,0,50,0
0.9,0.9,0.1,0.9,0.1,0,50,0
0.9,0.9,0.1,0.9,0.5,0,50,0
0.9,0.9,0.1,0.9,0.9,0,50,0
0.9,0.9,0.5,0.1,0.1,50,0,0
0.9,0.9,0.5,0.1,0.5,50,0,0
0.9,0.9,0.5,0.1,0.9,50,0,0
0.9,0.9,0.5,0.5,0.1,24,26,0
0.9,0.9,0.5,0.5,0.5,16,34,0
0.9,0.9,0.5,0.5,0.9,6,44,0
0.9,0.9,0.5,0.9,0.1,0,50,0
0.9,0.9,0.5,0.9,0.5,0,50,0
0.9,0.9,0.5,0.9,0.9,0,50,0
0.9,0.9,0.9,0.1,0.1,50,0,0
0.9,0.9,0.9,0.1,0.5,50,0,0
0.9,0.9,0.9,0.1,0.9,50,0,0
0.9,0.9,0.9,0.5,0.1,50,0,0
0.9,0.9,0.9,0.5,0.5,49,1,0
0.9,0.9,0.9,0.5,0.9,50,0,0
0.9,0.9,0.9,0.9,0.1,9,41,0
0.9,0.9,0.9,0.9,0.5,13,37,0
0.9,0.9,0.9,0.9,0.9,42,8,0
